id,word,meaning,pdf_page,status
1,مقُوله,گفتار,5,verified
2,اِرتشاء,رشوه خواری,5,verified
3,حیطه,محدوده، قلمرو,5,verified
4,ثانوی,دومی، دومین,5,verified
5,انفاق,نفقه دادن بخشیدن اموال در راه خدا,5,verified
6,مؤثق,معتبر، استوار کرده شده، مورد اطمینان و وثوق,5,verified
7,مُراهِق,نوبالغ، نوجوان نزدیک به بلوغ,5,verified
8,تابع,پیرو، فرمانبردار,5,verified
9,اجتهاد,تلاش کردن برای دریافت احکام شرعی از قرآن، حدیث، اجماع و قیاس.,5,verified
10,سلوک,راه و روش، رفتار و کردار,5,verified
11,فِراست,فهم و ادراک از صورت به سیرت پی بردن از ظاهر باطن را دانستن، هوشیاری,5,verified
12,مایه,اصل، اساس,5,verified
13,ذمه,کفالت، ضمانت، عهده، برگردن.,5,verified
14,متوالی,پیاپی، پی در پی,5,verified
15,خطیر,با ارزش، پرخطر، بزرگ,6,verified
16,استعمار,سلطه جویی. استعمار در لغت به معنای عمران و آبادانی است. اما در ادبیات سیاسی امروز، استعمار به مفهوم «تسلط بر یک کشور و غارت منابع طبیعی آن، اما در ظاهرِ کمک به آبادسازی آن کشور» استفاده می شود,6,verified
17,الحاد,ارتداد، شرک. کفر. منکر بودن خدا ج,6,verified
18,استکبار,زورگویی ناشی از داشتن قدرت. جهانخواری. تکبر خودبزرگ بینی.,6,verified
19,تسجیل,ثابت و استوار کردن,6,verified
20,ازل,زمان بی ابتدا، زمانی که ابتداء ندارد,6,verified
21,اختصاص,ویژه کردن،مخصوص ساختن,6,verified
22,مُبرَهَن,روشن، واضح، با دلیل و برهان,6,verified
23,استفهام,طلب فهم کردن، پرسش,6,verified
24,مشعر,خبر دهنده,6,verified
25,انقلاب,دگرگون شدن,6,verified
26,بینات,دلایل آشکار,6,verified
27,معطوف,مورد توجه و نظر واقع شده,6,verified
28,مدعو,دعوت شده,6,verified
29,اشد,شدیدتر، سخت تر,6,verified
30,ایده,اندیشه، فکر، نظر,6,verified
31,ایده آلیست Idealist,آرمان گرا، طرفدار مسلک ایده آلیسم,6,verified
32,آتهءیست Athiest,منکر وجود خدا، خدا ناباور,6,verified
33,ماتریالیسم materialism,ماده گرایی,6,verified
34,عوالَم,جهان ها، جمع عالم,6,verified
35,سُترُگ,بزرگ,6,verified
36,قیادت,رهبری، پیشوایی,6,verified
37,اُمی,درس نخوانده,7,verified
38,لَوث,آلودگی، ناپاکی,7,verified
39,ناهنجار,نامتناسب،غیر عادی،,7,verified
40,رَوَند,رفتار، جریان، رویه,7,verified
41,لاینفک,جدا ناشدنی,7,verified
42,نهفته,پنهان,7,verified
43,مُبرَم,استوار، محکم,7,verified
44,مجزا,جدا شده,7,verified
45,مُتَبَحِر,ماهر،متخصص،ورزیده,7,verified
46,نادر,کمیاب,7,verified
47,موهبت,بخشش,7,verified
48,معدود,اندک، انگشت شمار،کم,7,verified
49,ریاضت,رنج کشیدن برای تهذیب نفس، سختی,7,verified
50,تَوَصُل,وصل شدن، پیوستن به چیزی,7,verified
51,اِحراز,دست یافتن، فراهم کردن,7,verified
52,مواهب,بخشش ها،جمع موهبت,7,verified
53,تابناک,روشن,7,verified
54,بازتاب,پیامد، بازتاب، عکس العمل,7,verified
55,جدل,جنگ، خصومت، ستیزه,7,verified
56,مَوعظه,پند، نصیحت،وعظ,7,verified
57,منصوص,به ثبوت رسانیده شده. مطابق به نص,7,verified
58,اهم,مهمتر،برجسته ترین,7,verified
59,ارگانیک,سازمانی، عضوی,7,verified
60,کیهان,گیتی، جهان,7,verified
61,بدیهی,روشن،واضح،آشکار,7,verified
62,حذر,پرهیز کردن، دوری,7,verified
63,کُنه,حقیقت ذات،اصل,7,verified
64,مُسََّخر,تسخیر شده،فرمانبردار,7,verified
65,مُتَخَلِق,خوی و عادت دیگری را گرفته,7,verified
66,مُستَلزِم,آنچه بودنش لازم است، لازمه,7,verified
67,دیکتاتور,خود کامه،فرمان روای خودسر,7,verified
68,تزویر,حیله، ریاکاری، تقلب، مکر کردن،,7,verified
69,سرمد,همیشه گی، دایم,8,verified
70,اُمَم,امت ها،گروه ها,8,verified
71,اِضمِحلال,تباهی، نیست شدن,8,verified
72,اِنقراض,سرنگونی، از بین رفتن,8,verified
73,زدودن,محو کردن، پاک کردن,8,verified
74,مَجْد,عظمت، بزرگی,8,verified
75,ورطه,جای خطرناک،پرتگاه,8,verified
76,قاطبه,همگی،همه،عموماً,8,verified
77,لغات,معنی,8,verified
78,لغات,معنی,8,verified
79,اختلاس,دزدیدن، حیف و میل,8,verified
80,مُقَلِد,تقلید کننده,8,verified
81,مردود,رد شده,8,verified
82,اتخاذ,فرا گرفتن، گرفتن,8,verified
83,استثمار,بهره جستن،فایده برداری کردن,8,verified
84,تجدید,نو کردن،جدید کردن,8,verified
85,کمون Commune,جامعه اشتراکی,8,verified
86,زعم,باور، عقیده، تصور،گمان,8,verified
87,انحصار,محدود بودن، ویژه سازی,8,verified
88,پرولتاریا,طبقه کارگر,8,verified
89,وخامت,دشواری,8,verified
90,منها,تفریق، کاهش،بدون,8,verified
91,نجابت,شرافت،پاک سرشتی,8,verified
92,اختلاس,دزدیدن,8,verified
93,شقاوت,بد بختی,8,verified
94,مُستَمَند,بیچاره،محتاج,8,verified
95,تَوَسُل,چاره یابی، کسیکه دست به دامان دیگری بزند,8,verified
96,ارگان,سازمان,8,verified
97,اَکناف,گوشه و کنارها، اطراف,8,verified
98,آحاد,تک تک افراد، هر فرد,8,verified
99,بدکُنش,بدکردار، بد عمل,8,verified
100,مسموم,زهرآگین، آلوده به زهر,9,verified
101,خباثت,پلیدی، ناپاکی,9,verified
102,تابلو,نگاره، صفحه نقاشی,9,verified
103,غامِض,دشوار، پوشیده,9,verified
104,مبهوت,سرگردان، حیرت زده,9,verified
105,تلقین,فهماندن، یاد دادن,9,verified
106,مواصلت,به هم پیوستن، وصل شدن,9,verified
107,غربت,دور شدن، بیگانه گی,9,verified
108,ارض,زمین,9,verified
109,جوهر,اصل و عصاره هرچیز,9,verified
110,سُفلی (سُفلا),پست تر، پایین تر,9,verified
111,مغلوب,شکست خورده,9,verified
112,معین,مشخص، معلوم,9,verified
113,اِفتراء,تهمت زدن,9,verified
114,پروپاگاندا Propaganda,تبلیغات سیاسی، جوسازی، هرنوع کوشش برای انتشار مرام و مسلکی,9,verified
115,شرارت,شر افگنی، بدی کردن,9,verified
116,تحریک,به حرکت در آوردن,9,verified
117,لِجاجت,ستیزه کردن,9,verified
118,اماره,بسیار امر کننده,9,verified
119,تسخیر,تصرف یافتن، مغلوب کردن,9,verified
120,ثِقه,مطمئن، مؤثق، اعتماد کردن,9,verified
121,مُستَولی,غالب،تسلط یافتن,9,verified
122,مِنوال,روش، طریقه,9,verified
123,مُبرَهَن,با دلیل و برهان، آشکار و واضح کننده,9,verified
124,هکذا,این چنین، همچنین,9,verified
125,معاون,یاری کننده,9,verified
126,آرشیو (آرشیف) Archieve,جایی که اسناد حفظ شود,9,verified
127,آفات,آسیب ها، جمع آفت، بلا,9,verified
128,اِمساک,تنگ نظری، بخل، بخیلی,9,verified
129,صَفاء,پاکیزگی، پاکی,9,verified
130,مستمر,پیوسته، دوامدار,9,verified
131,محب,دوست دارنده,9,verified
132,اِدراک,قوه درک و فهم. فهمیدن,10,verified
133,محض,خالص،پاک,10,verified
134,مُنَزَه,پاکیزه، پاک,10,verified
135,مَصایب,مصبت ها،جمع مصیبت,10,verified
136,فلاح,رستگاری، کامیابی,10,verified
137,خاشع,آدم فروتن. عاجز,10,verified
138,حصول,به دستآ وردن,10,verified
139,اندر,در میان,10,verified
140,ستاییدن,ستایش کردن,10,verified
141,قاصر,کوتاهی کننده،ناتوان,10,verified
142,تبار,اصل، نژاد,10,verified
143,نماد,نماینده، سمبول,10,verified
144,اَصَح,صحیح تر،درست تر,10,verified
145,شِیوا,رسا، روان، فصیح,10,verified
146,خامه,قلم,10,verified
147,غایَت,هدف نهایی، مقصود پایان، نهایت,10,verified
148,گِرایش,میل و رغبت،کشش,10,verified
149,سجع,سخن دارای وزن و قافیه,10,verified
150,اِنگار,گمان، فکر,10,verified
151,عذب,گوارا، خوشگوار,10,verified
152,اَعطیه,بخشش ها،عطاها,10,verified
153,تجلی,نمایان شدن,10,verified
154,جولان کردن,تاخت و تاز,10,verified
155,شمه,اندک، کم,10,verified
156,نَفخ,باد، نسیم، دمیدگی,10,verified
157,نای,گلو، حلقوم،نای,10,verified
158,مَثابه,مثل، همانند، جایگاه,10,verified
159,لابس,لباس، پوشنده,10,verified
160,سهمناک,ترسناک,10,verified
161,فزون,بیش,10,verified
162,بهایم,حیوانات چهارپا,10,verified
163,زانک,زیرا که,10,verified
164,ابتر,ناقص، ناتمام,10,verified
165,خُسپد,بخوابد,10,verified
166,وَسَن,به خواب سبک رفتن، پینه کی,10,verified
167,صیقل,جلا دادن,10,verified
168,رأیت,پرچم، علم,10,verified
169,رفیع,بلند، بزرگ,11,verified
170,معمور,آباد، مسکون,11,verified
171,نحس,شوم,11,verified
172,اِعجاز,معجزه، شگفتی آفرینی,11,verified
173,فسون,سحر و جادو,11,verified
174,مُحَیرالعقول,حیرت انگیز، شگفتی,11,verified
175,چالاک,سریع، تند,11,verified
176,کرسی,تخت، صندلی,11,verified
177,رُهبانیت,گوشه نشینی، ترک دنیا,11,verified
178,عُزلت گزینی,گوشه نشینی,11,verified
179,بَسط,گسترش,11,verified
180,تنویر,روشن گری,11,verified
181,وُفُور,فراوانی,11,verified
182,صراحت,روشنی،واضح,11,verified
183,انزوا گزینی,گوشه نشینی,11,verified
184,حَمول,حمل کننده، باربر,11,verified
185,مؤید,تأیید کننده,11,verified
186,واجبالتعمیل,لازم الاجرا,11,verified
187,بازنگری,مرور مجدد,11,verified
188,برحذر,هوشیار، مراقب,11,verified
189,قافله,کاروان,11,verified
190,مُهَذَب,تربیت شده، پاک,11,verified
191,رویکرد,دیدگاه،تمایل,11,verified
192,شؤون,امور، مسائل,11,verified
193,ظِل,سایه,11,verified
194,بُغرنج,مشکل,11,verified
195,اهتمام,توجه,11,verified
196,مقتضا,ضرورت، نیاز,11,verified
197,اقامه,برپا کردن,11,verified
198,علناً (علنن),آشکارا,11,verified
199,خِفاء,پنهانی,11,verified
200,بهره,سود، فایده,11,verified
201,مقیاس,اندازه،معیار,11,verified
202,دَمار,نابودی،هلاک،رگ,11,verified
203,انضباط,نظم، ترتیب,11,verified
204,زاید,اضافه گی، زیادی,11,verified
205,گُسست,جدایی، جدا شدن,11,verified
206,لایه,سطح,11,verified
207,هویدا,آشکار,11,verified
208,آشوبگر,فتنه گر، شورشگر,11,verified
209,آزمون,امتحان,11,verified
210,شایع,رایج، همه گیر، پخش شده,11,verified
211,مَجد,عظمت، بزرگی,11,verified
212,تضییع,ضایع کردن,11,verified
213,ایراد,نقد,11,verified
214,تراژید Tragedy,داستان یا نمایش غم انگیز,12,verified
215,اِنطباق,هماهنگی، برابری,12,verified
216,متعالیه,بلند مرتبه، عالی,12,verified
217,رزمیدن,جنگیدن، مبارزه,12,verified
218,ددمنش,خشن، بی رحم، حیوان صفت,12,verified
219,شَیاد,فریبکار، حیله گر,12,verified
220,سَبُعَانه,وحشیانه,12,verified
221,جناور,جانور، حیوان وحشی,12,verified
222,نیابت,جانشینی,12,verified
223,قشون,ارتش، سپاه,12,verified
224,سفاک,خونریز، بی رحم,12,verified
225,اِلقایی,انگیزشی، تحریک کننده، محرک,12,verified
226,دسایس,نیرنگ ها، دسیسه ها,12,verified
227,پارینه,قدیمی، کهنه،دیرینه,12,verified
228,اِمحا,نابودی، از بین بردن,12,verified
229,سیادت,رهبری، آقایی,12,verified
230,دغدغه,نگرانی،تشویش,12,verified
231,مُبرمیت,ضرورت، استواری,12,verified
232,بی بدیل,بی همتا،بی مثال,12,verified
233,پژوهش,تحقیق,12,verified
234,استبداد,خودکامگی، ظلم,12,verified
235,محتوم,قطعی، حتمی,12,verified
236,غژدی,خیمه، چادرنشین,12,verified
237,هَول,ترس,12,verified
238,مَشِیَّت,اراده، خواست,12,verified
239,تعرض,حمله,12,verified
240,متبوع,مورد علاقه,12,verified
241,ملجأ,پناهگاه,12,verified
242,مرجع,منبع، مأخذ,12,verified
243,یأس,ناامیدی,12,verified
244,نابهنجار,غیرعادی,12,verified
245,موعود,وعده داده شده,12,verified
246,سرشت,ذات، طبیعت,12,verified
247,جَور,ظلم، ستم,12,verified
248,کاخ,قصر,12,verified
249,بساط,میدان، عرصه، فرش,12,verified
250,اَبناء,فرزندان,12,verified
251,سیطره,تسلط،غلبه,12,verified
252,ترکیز,تمرکز، توجه,12,verified
253,رستاخیز,جنبش، قیام، روز قیامت,12,verified
254,بشارت,مژده، خوش خبری,13,verified
255,مملو,پر,13,verified
256,قِسط,عدالت,13,verified
257,تَدَبُّر,اندیشیدن,13,verified
258,اعاده,بازگرداندن، تکرار,13,verified
259,زوال,نابودی,13,verified
260,نَیل,رسیدن,13,verified
261,قلمرو,حوزه،خاک،سرزمین,13,verified
262,حیطه,قلمرو،خاک،سرزمین,13,verified
263,ملموس,قابل لمس،حس شدنی,13,verified
264,معطوف,مورد توجه،مورد نظر,13,verified
265,مَقَر,مکان، محل,13,verified
266,سرافرازی,افتخار، عزت،سربلندی,13,verified
267,خبیر,آگاه، باخبر,13,verified
268,اشکال,مشکلات,13,verified
269,بی درنگ,فوری، بی وقفه,13,verified
270,بی دریغ,بدون تردید,13,verified
271,اَهم,مهم تر,13,verified
272,ذات البین,دوجانبه، مشترک,13,verified
273,ولاء و براء,دوستی و دشمنی,13,verified
274,جوادانه,جوانمردانه، سخاوتمندانه,13,verified
275,یُمن,برکت، خیر,13,verified
276,چاکرانه,غلامانه، خدمتگزارانه,13,verified
277,بردگی,بندگی، غلامی,13,verified
278,تَضرَُع,زاری، عذر,13,verified
279,انبوه,زیاد,13,verified
280,مدعوین,دعوت شدگان,13,verified
281,شقی,بدبخت,13,verified
282,سعید,خوشبخت,13,verified
283,مُعانِد,مخالف، دشمن,13,verified
284,معدود,اندک، شمارش شده،انگشت شمار,13,verified
285,بُطلان,باطل بودن,13,verified
286,چپاولگر,غارتگر,13,verified
287,مواصِفات,ویژگی ها,13,verified
288,مُلاقی,ملاقات کننده,13,verified
289,بهم تنیده,پیچیده,13,verified
290,وجه,دلیل، صورت,13,verified
291,وجیبه,وظیفه,13,verified
292,زرین,طلایی، ارزشمند,13,verified
293,وِقایه,پیشگیری,13,verified
294,مُتمََسِک,متوسل، دستآویز چسپیده,13,verified
295,سیاه چال,جای تاریک و تنگ، زندان,13,verified
296,برهنه,عریان، بدون پوشش,13,verified
297,فساق,بدکاران،جمع فاسق,13,verified
298,فَُّجار,تبهکاران، جنایتکاران,14,verified
299,غاصب,اشغالگر,14,verified
300,بی ثغور,بدون مرز، نامحدود,14,verified
301,گهربار,پرارزش,14,verified
302,منفور,نفرت شده، نفرت انگیز,14,verified
303,ستم پیشه,ظالم، بی رحم,14,verified
304,جباران,ظالمان,14,verified
305,اعم,شامل تر، همگانی تر,14,verified
306,اعتراض آمیز,عملی یا سخنی بمنظور انتقاد صورت پذیرد,14,verified
307,مقاطع,جمع مقطع، مراحل,14,verified
308,قاطع,مصمم، برنده،تغییر ناپذیر,14,verified
309,اسارت,اسیر و گرفتار بودن,14,verified
310,موضع,جایگاه، مقام,14,verified
311,چتر,سایبان,14,verified
312,درگیر,گرفتار,14,verified
313,طغیانگر,سرکش، گردنکش,14,verified
314,نستوه,مبارز، مقاوم خستگی ناپذیر,14,verified
315,رغم,برخلاف اینکه، برخلافِ,14,verified
316,پشتوانه,پشتیبان، حامی,14,verified
317,استبداد,دیکتاتوری، خود رأی بودن، خودسری,14,verified
318,تبیین,توضیح، تفسیر,14,verified
319,خرافات,اعتقادات یا اعمال ناشی از نادانی، خلاف واقعیت,14,verified
320,مُمتَد,ادامه دار,14,verified
321,معطوف,مورد نظر و توجه واقع شده,14,verified
322,تابناکی,درخشندگی,14,verified
323,لاینفک,جدا نشدنی,14,verified
324,توطئه,دسیسه، نیرنگ,14,verified
325,لحن,آواز، صوت,14,verified
326,استخبارات,سازمان امنیت و اطلاعات برای کشف,14,verified
327,تمََتُع,بهره مند شدن،فایده گرفتن,14,verified
328,استعمار,آباد کردن (در اصطلاح سیاسی، توسعه طلبی و سلطه جویی.),15,verified
329,اِبقاء,باقی گذاشتن،بقاء,15,verified
330,اعِمال,به کار بردن,15,verified
331,قاهرانه,خشن، تند، با قوت,15,verified
332,استراتیژی,راهبرد، سیاست گذاری,15,verified
333,آتیه,آینده,15,verified
334,بِلاد,سرزمین ها,15,verified
335,اِقناع,قانع و راضی ساختن,15,verified
336,پروپاگند,آگهی، تبلیغ,15,verified
337,مولود,حاصل، نتیجه,15,verified
338,منسوب,مربوط، نسبت داده شده,15,verified
339,منافات,در تضاد بودن، مخالف بودن,15,verified
340,ضمانت,تضمین,15,verified
341,نمایان,واضح، هویدا,15,verified
342,ارگانیک,اندام وار، سازمانی,15,verified
343,برجسته,واضح، برآمده، بزرگ و معروف,15,verified
344,نَفْی,رد کردن,15,verified
345,بارز,آشکار,15,verified
346,بابت,در باب، در خصوص، بخاطر، برای,15,verified
347,عُدول,روگرداندن، تخطی کردن، بازگشت,15,verified
348,انحصار,اختصاص، محدود بودن,15,verified
349,جلوه,ظهور، خودنمایی آشکار کردن,15,verified
350,مَُّسلَم,واضح، ثابت,15,verified
351,اَمیال,میل ها،خواسته ها,15,verified
352,راهگشای,راه باز کننده,15,verified
353,مجاز,جایز، روا، غیر واقعی,15,verified
354,اتخاذ,فراگرفتن، درگرفتن,15,verified
355,تَعَدِی,تجاوز کردن,15,verified
356,میکانیزه,ماشینی شده,15,verified
357,منفور,مورد نفرت,15,verified
358,هرهد,به شکل دورانی,15,verified
359,شعبده,سحر، ترفند,15,verified
360,تجملی,شیک و گران قیمت، غیر ضروری,15,verified
361,استکبار,خود را بزرگ پنداشتن،تکبر,15,verified
362,مأمول,آرزو شده،خواسته شده,16,verified
363,موهبت,بخشش,16,verified
364,احتکار,انبار کردن،ذخیره,16,verified
365,انتظام بخشی,نظم و ترتیب دادن,16,verified
366,سبوتاژ,خرابکاری عمدی و قصدی,16,verified
367,عُمال,کارگزاران,16,verified
368,بحران,چالش، آشفتگی و تغییر حالت,16,verified
369,تحقق,به حقیقت پیوستن,16,verified
370,مُضاف,زیاد شده،نسبت داده شده,16,verified
371,احیاناً,اتفاقا،ًاحتمالاً,16,verified
372,بدیهی,واضح، آشک ار،غیر قابل انکار,16,verified
373,محال,غیرممکن,16,verified
374,مُتَحَمِل,تحمل کننده(رنج و سختی),16,verified
375,مُشتقات,بخش های جدا شده,16,verified
376,امتعه,کالاهای تجارتی,16,verified
377,استهلاک,فرسودگی، کهنه گی,16,verified
378,اشتهار,شهرت یافتن، مشهور شدن / ساختن,16,verified
379,مساعدت,کمک کردن,16,verified
380,اِغوا,فریب دادن,16,verified
381,بسی,بسیار، خیلی,16,verified
382,تحمیل,کاری به زور به عهده کسی گذاشتن,16,verified
383,بهاء,ارزش,16,verified
384,ابتکار,نوآوری,16,verified
385,مَمَر,طریق، راه,16,verified
386,تخمیر,سرشتن،گد کردن,16,verified
387,ساقط,حذف شده، فروافتاده,16,verified
388,شریان,شاهرگ،نبض,16,verified
389,بارجامه,جوال،بسته بندی,16,verified
390,امرار,گذران، کسب,16,verified
391,سازش کاری,توافق نمودن,16,verified
392,اسرع,سریع تر,16,verified
393,غبن,فریب دادن،گول زدن,16,verified
394,اخلاف,بازماندگان,16,verified
395,تَوَسُل,وسیله قرار دادن,17,verified
396,غَصْب,مال کسی را به زور تصرف کردن,17,verified
397,بِسِتَانَد,بگیرد,17,verified
398,سَلْب,گرفتن، ربودن,17,verified
399,بُرُوز,پیدا شدن، نمایان شدن,17,verified
400,دُوَل,دولت ها،جمع دولت,17,verified
401,بی نوایان,بیچاره گان،فقراء,17,verified
402,مُستَبِد,خودسر، زورگو,17,verified
403,تُهی دست,فقیر، تنگ دست,17,verified
404,آشوبگر,شورش گر، فتنه انداز,17,verified
405,ایذا,اذیت کردن,17,verified
406,عَدِیدَه,بسی ار زیاد، فراوان,17,verified
407,جَور,ظلم، ستم,17,verified
408,ایجاب,لازم گردانیدن,17,verified
409,جائر,ظالم، ستمکار,17,verified
410,اجیران,مزدوران,17,verified
411,ستمگر,ظالم,17,verified
412,تَجَلِی,نمایان شدن,17,verified
413,اتلاف,تلف و تباه کردن,17,verified
414,فرومایه,پست، بدسرشت,17,verified
415,نیابت,جانشینی،معاونت,17,verified
416,بلاکشیده,رنج دیده,17,verified
417,وجه,طریق، روش,17,verified
418,مُستَلزِم,لازمه،سزاوار,17,verified
419,دیرینه,قدیم,17,verified
420,پیشینه,سابقه,17,verified
421,مبذول,واگذار شده,17,verified
422,آجل,آینده,17,verified
423,منتج,منجر، باعث,17,verified
424,وام,قرض,17,verified
425,بدل,عوض,17,verified
426,تبعات,عواقب، نتایج,17,verified
427,مُستَوجِب,سزاوار، مستحق،لایق,17,verified
428,اهدا,هدیه,17,verified
429,مُشَعِر,آگاه کننده،خبر دهنده,17,verified
430,راسخین,ثابت قدمان,17,verified
431,بلاغت,چیره زبانی، فصیح بودن,17,verified
432,فصاحت,روان بودن سخن، سخنوری,17,verified
433,استنباط,برداشت، درک،فهم,17,verified
434,صراحت,واضح و آشکار بودن,17,verified
435,هنگفت,فراوان،زیاد,17,verified
436,درشت,ناهموار، خشن,17,verified
437,انزجار,بیزاری,17,verified
438,چپاولگر,غارتگر،دزد,17,verified
439,ابناء,آدمیزاده گان،انسانها,17,verified
440,وضع,کیفیت، حالت,17,verified
441,مبرا,پاک شده،خالی،عاری,17,verified
442,نِسبِی,فیصدی، تا جایی، یک مقداری,17,verified
443,متخاصم,دشمن,17,verified
444,بی کران,نامحدود,17,verified
445,بناچار,مجبور،مجبوریت,18,verified
446,منحوس,شوم,18,verified
447,مَدرَک,راه، طریق,18,verified
448,تحویل,تسلیم دادن,18,verified
449,تگدی,گدایی,18,verified
450,مُتَدَیِن,دیندار,18,verified
451,تکافو,کفایت کردن، کافی بودن، بسندگی,18,verified
452,تدارک,فراهم کردن,18,verified
453,مُتَمَوِل,مال دار، ثروتمند,18,verified
454,ارباب,مالک,18,verified
455,عاطل,تنبل،بیکار,18,verified
456,توصل,رسیدن، پیوستن,18,verified
457,رعایا,رعیت,18,verified
458,مهار,کنترل,18,verified
459,معیشت,زندگانی، گذران,18,verified
460,چیره,غالب، مسلط,18,verified
461,حربه,سلاح,18,verified
462,اعصار,زمانه ها،عصرها,18,verified
463,زایش,بوجود آمدن,18,verified
464,مُوَجَه,معقول,18,verified
465,سرسام آور,حیرت انگیز،حیران کننده,18,verified
466,تزاید,زیاد شدن,18,verified
467,وَفرَت,فراوانی،زیادی,18,verified
468,تلقی,برداشت، تعبیر و تفسیر,18,verified
469,فایق,پیروز، غالب,18,verified
470,ماتقدم,آنچه گذشت، گذشته,18,verified
471,متعذر,مشکل،مهال,18,verified
472,آز,حرص،طمع،زیاده خواهی,18,verified
473,مقادیر,مقدار ها,18,verified
474,بلیه,مصیبت ها,18,verified
475,زاده,متولد,18,verified
476,معضله,مشکل,18,verified
477,اهم,برجسته ترین,18,verified
478,حرث,زراعت,18,verified
479,آتی,آینده,18,verified
480,ارز,پول,18,verified
481,قیم,سرپرست,18,verified
482,مختل,تباه، به هم خوردن,18,verified
483,اعاشه,زندگی کردن,18,verified
484,اباته,شب گذرانیدن,18,verified
485,رونما,نمایان شدن،معلوم شدن,18,verified
486,مولود,محصول، نتیجه,18,verified
487,سیطره,تسلط,18,verified
488,اسالیب,اسلوب، شیوه ها,18,verified
489,آماج,نشانه، هدف,18,verified
490,آزادمنش,جوانمرد، آزاده خو,19,verified
491,حایز,دربردارنده، دارا,19,verified
492,ژئواستراتیژک,نقش جغرافیا در تعیین راهبردهای کلان نظامی و سیاسی,19,verified
493,ژئوایکونومیک,تأثیر موقعیت جغرافیایی بر اقتصاد و سیاست های اقتصادی,19,verified
494,مُقَدَرات,سرنوشت ها,19,verified
495,قیمومیت,نگهداری، تسلط,19,verified
496,سکتور,بخش,19,verified
497,هرج ومرج,بی نظمی، بی قانونی,19,verified
498,تعمیل,عملی کردن/شدن,19,verified
499,کاباره,میخانه، بار، میکده,19,verified
500,ذروی,هستوی، اتومی,19,verified
501,دمپنگ Dumping,بازارشکنی(بخاطر غلبه بر رقبای بازار، کالای خود را به مقدار زیاد و به بهای کمتر به یک بازار خارجی فروختن),19,verified
502,مسکرات,مست کننده ها,19,verified
503,متزلزل,ناپایدار،لرزان,19,verified
504,موزعین,توزیع کننده گان,19,verified
505,برازندگی,ویژه گی،خصوصیت,19,verified
506,درخور,شایسته،سزاوار,19,verified
507,توزین,وزن کردن,19,verified
508,آحاد,تک تک مردم,19,verified
509,زعم,گمان،فکر,19,verified
510,نکوهش,ملامت،بدگویی,19,verified
511,بیدادگری,ظلم، ستم,19,verified
512,مُستَحِیل,محال و غیرممکن,19,verified
513,منجر,باعث و انجام شدن، منتهی شدن،,19,verified
514,منتج,منجر، باعث,19,verified
515,اقامه,برپا داشتن، بجا آوردن,19,verified
516,اشاعه,پخش کردن، آشکارا کردن,19,verified
517,خیزش,انقلاب,19,verified
518,اکتسابی,به دست آمده,19,verified
519,مأمور,امر کرده شده,19,verified
520,جائر,ستمکار،ظالم,19,verified
521,جور,ستم,19,verified
522,القاء,یاد دادن، افکندن،تلقین کردن,19,verified
523,مرتجع,محافظه کار، کهنه پسند,19,verified
524,مسموم,آلوده به زهر,20,verified
525,تطمیع,به طمع انداختن، حریص ساختن,20,verified
526,اغوا,گول زدن، گمراه کردن,20,verified
527,اجیر,مزدور,20,verified
528,محکوم,مغلوب، کسیکه حکم علیه او صادر شده,20,verified
529,اسیر,برده، گرفتار,20,verified
530,پایمردانه,پایدار، جوانمردانه,20,verified
531,اسارت,در بند بودن، اسیر و گرفتار بودن,20,verified
532,نیل,رسیدن، کسب,20,verified
533,اضمحلال,تباه شدن,20,verified
534,بیدریغ,بی پروا,20,verified
535,موجبات,عوامل، زمینه ها,20,verified
536,کَرِیْه,زشت,20,verified
537,راستا,مورد,20,verified
538,وجایب,تکالیف،وظایف،جمع وجیبه,20,verified
539,سزا,مزد، پاداش,20,verified
540,حریم,قلمرو، مرز,20,verified
541,ملتهب,شعله ور، افروخته,20,verified
542,خصمانه,از روی دشمنی و عداوت,20,verified
543,بُغض,کینه، دشمنی،عقده,20,verified
544,مؤید,پشتیبان، تایید کننده/شده,20,verified
545,خصومت,دشمنی,20,verified
546,رجال,بزرگان، مردان و زنان,20,verified
547,شیفته گان,عاشقان,20,verified
548,استقرار,ساکن شدن،قرار گرفتن,20,verified
549,قاطع,جدی،مصمم,20,verified
550,به نحوی,به گونه ای، به قسمی,20,verified
551,اوج,بالا، بلندترین نقطه,20,verified
552,خرافات,اباطیل، اوهام، افسانها,20,verified
553,روزنه,دریچه,20,verified
554,ایادی,همکاری، کمک، دستیاری,20,verified
555,اِنزجار,نفرت، بیزاری,20,verified
556,تروریزم,آدم کشی،وحشت اندازی,20,verified
557,افروختن,روشن کردن,20,verified
558,سراغ,پیدا کردن، نشان، علامت,20,verified
559,تقبیح,زشت و بد شمردن,20,verified
560,سیکولار,دنیا گرا، بی دین,21,verified
561,داعیه,خواست، انگیزه، علت,21,verified
562,مسألت,درخواست، خواهش,21,verified
563,یمن,خیر و برکت، مبارکی,21,verified
564,افراطی,زیاده رو،تند رَو,21,verified
565,مبذول,به کار بردن،صرف کردن,21,verified
566,بذل,بخشش,21,verified
567,منصه,محل حضور،جایگاه,21,verified
568,توجیه,توضیح، دلیل آوردن,21,verified
569,آحاد,تک تک مردم,21,verified
570,نحوه,روش،طریقه,21,verified
571,تمکین,فرمان بردن,21,verified
572,حایز,دارا، دربردارنده,21,verified
573,مُبرمیت,ضرورت، استواری,21,verified
574,مِلاک,معیار،اساس,21,verified
575,دامنگیر,گرفتار، سردچار,21,verified
576,نِیابَت,جانشینی,21,verified
577,تَکافُل,ضمانت،مسئولیت،سرپرستی,21,verified
578,اِیضاح,شرح دادن، واضح کردن,21,verified
579,تراکُم,انبوه شدن،جمع شدن,21,verified
580,کِساد,بی خریدار، فروخته نشدن مال,21,verified
581,یکسره,کاملا، به طور کلی,21,verified
582,نکوهیده,ناپسند، سرزنش شده,21,verified
583,زوال,از بین رفتن,21,verified
584,مبرم,محکم، ثابت،استوار,21,verified
585,زایل,نابود، ناپدید,21,verified
586,نابکار,بدکار،فاسق,21,verified
587,رگبار,باران تند و شدید,21,verified
588,فَُّجار,گناهکاران، فاسقان,21,verified
589,مِلاک,معیار، اساس,21,verified
590,وانمود,ظاهر شدن، نشان دادن,21,verified
591,اعراض,مخالفت، سرگشی,21,verified
592,سِیادت,سروری، بزرگی,21,verified
593,خصایص,ویژگی ها،خصوصیت ها,21,verified
594,تکفل,سرپرستی کردن,21,verified
595,مستمندان,بیچاره گان، فقراء,21,verified
596,طَمَع,حرص، چشم داشت,21,verified
597,وعید,بیم دادن،ترساندن,21,verified
598,ابتر,دم بریده، ناقص,21,verified
599,مُشعر,آگاه کننده، خبر دهنده,21,verified
600,تُهی دستان,بیچاره گان، فقراء,21,verified
601,تجویز,اجازه دادن، روا دانستن,21,verified
602,سیاق,شیوه سخن، اسلوب،طریقه,21,verified
603,رام,فرمانبردار,21,verified
604,تعدیل,برابر کردن، مساوی دانستن,22,verified
605,اعاشه,زندگی کردن,22,verified
606,نکوهش,سرزنش، ملامت,22,verified
607,مصادیق,مفاهیم،شواهد،گواه ها,22,verified
608,بدل,عوض,22,verified
609,حانث,شکننده قسم,22,verified
610,کِیفر,جزا،انتقام,22,verified
611,اغماض,چشم پوشی کردن،مد نظر نگرفتن,22,verified
612,مُبرهن,با دلیل واضح کننده،ثابت کننده,22,verified
613,معرض,صحنه، دسترس,22,verified
614,عقار,اسباب خانه،مِ لک و زمین زراعتی,22,verified
615,نثار,تقدیم کردن، فدا کردن,22,verified
616,موقوفات,چیزهایی که وقف(اهداء) شدن اند، خیرهای مالی,22,verified
617,موالید,حاصلات،زاده گان،منافع,22,verified
618,منادی,پیام آور، ندا داده شده,22,verified
619,تحریص,تشویق و ترغیب کردن,22,verified
620,دایِن,قرض دهنده,22,verified
621,مُضطَر,بیچاره، ناچار,22,verified
622,استنباط,فهمیده شدن، برداشت,22,verified
623,مدیون,قرض دار، بدهکار,22,verified
624,بینوا,بیچاره،فقیر,22,verified
625,بهره کش,سود جو، منفعت طلب,22,verified
626,راکد,بی حرکت،بی استفاده,22,verified
627,بساط,دستگاه،بستر،گلیم,22,verified
628,مختل,بی نظم، آشفته,22,verified
629,اِنذار,بیم دادن،ترساندن,22,verified
630,مَعضَلات,مشکلات، ناهنجاری ها,22,verified
631,اِسترداد,پس گرفتن، رد,22,verified
632,اراکین,سران، رکن ها، بزرگها,22,verified
633,اخص,ویژه، خاص تر,22,verified
634,حاشیوی,غیر اصلی، فرعی،جانبی,22,verified
635,اِعاده,برگردانیدن، بازگرداندن,22,verified
636,سَیطره,تسلط،غلبه,23,verified
637,طُفَیلی,مهمان ناخوانده سرباری، مفت خور میکروب، پرازیت,23,verified
638,استبداد,دیکتاتوری،سوء استفاده قدرت، خودسری,23,verified
639,فاقد,محروم، بی نصیب,23,verified
640,نارسایی,کمبودی، کوتاهی,23,verified
641,سکتور,بخش,23,verified
642,صعب العبور,را هی که گذشتن از آن مشکل باشد،دشوار,23,verified
643,آغل,آخور، طویله,23,verified
644,پویا,پیشرفت،ترقی,23,verified
645,اسفالت,قیریزی شده,23,verified
646,قَصَبات,قریه جات,23,verified
647,اَمتِعَه,کالاها،جمع,23,verified
648,اِذعان,بیان داشتن، اقرار کردن,23,verified
649,اشتغال,مشغول شدن،کار و بار,23,verified
650,توأمیت,همراد بودن، باهم بودن,23,verified
651,اسعار,ارزها (پول خارجی),23,verified
652,بحران,مشکل، آشفتگی و تغییر حالت ناگهانی,23,verified
653,توجیه,تشریح، درست پنداشتن,23,verified
654,ماهیت,اصلیت، حقیقت چیزی,23,verified
655,جائر,ظالم,23,verified
656,سردمداران,مسوولان،سران،رهبران,23,verified
657,ته پایه,اساس،بنیاد,23,verified
658,سیاسیون,سیاستمداران,23,verified
659,تلفیق,آمیزش، پیوند، ترکیب,23,verified
660,مبراء,پاک,23,verified
661,ایادی,همکاری، دستیاری,23,verified
662,انزوا,گوشه نشینی,23,verified
663,مدید,دراز، طولانی مدت,23,verified
664,وجه,طریقه، روش,23,verified
665,کاستی,کمبودی,23,verified
666,شوم,نامبارک,23,verified
667,آنی,عاجل,23,verified
668,اغیار,بیگانگان,23,verified
669,مسموم,آلوده به زهر,23,verified
670,سراغ,نشان، علامت،پیدا کردن,23,verified
671,مستثنی,جدا شده، به جز،بغیر از,23,verified
672,سراشیب,سرازیری،حرکت بطرف پاین,23,verified
673,بیداد,ظلم,23,verified
674,تنگنا,سختی، گرفتاری,24,verified
675,جفا,آزار، اذیب، بی مهری,24,verified
676,مَنصَه,محل حضور، جایگاه,24,verified
677,اَهَم,مهم تر، ضرور تر,24,verified
678,وجایب,تکالیف،جمع وجیبه,24,verified
679,مُستَلزِم,لازم بودن،آنچه بودنش لازم است,24,verified
680,موضِع,موقف، جایگاه,24,verified
681,اختلال,بی سروسامانی،مشکل,24,verified
682,نَیل,رسیدن به مطلوب,24,verified
683,قهقرا,به عقب برگشتن،عقبگرد,24,verified
684,ناهنجار,نامناسب، ناپسند,24,verified
685,ننگین,شرم آور,24,verified
686,اَعداء,دشم نان,24,verified
687,تجسم,مجسم سازی، نمایان کردن,24,verified
688,کَراتومَرات,بسیار زیاد، بار بار,24,verified
689,صرَاحت,واضح و آشکار،روشن,24,verified
690,تبعیت,پیروی کردن,24,verified
691,کِرانه,گوشه، طرف،کناره,24,verified
692,زعم,گمان،فکر,24,verified
693,تفریق,پراکندگی، بی اتفاقی,24,verified
694,طاری,جاری، روان,24,verified
695,حاشا و کلا,اصلاً و ابداً،به هیچ صورت,24,verified
696,خِدعه,فریبکاری,24,verified
697,افروخته,روشن شده,24,verified
698,تاخت و تاز,هجوم،حمله,24,verified
699,نستوه,مبارز، مقاوم، خستگی ناپذیر,24,verified
700,بارز,ظاهر، آشکار,24,verified
701,سَبُعَانه,وحشیانه،با وحشی گری,24,verified
702,اخص,ویژه،خاص تر,24,verified
703,بیدادگری,ظلم و ستم,24,verified
704,مُلتَهِب,شعله ور، سوزان,24,verified
705,رِقَت,نرمی و مهربانی,24,verified
706,بَلِیات,رنج و سختی,24,verified
707,اشد,سخت تر، قوی تر,24,verified
708,مَهد,گهواره,24,verified
709,مَسْخ,زشت،ننگ آور،تغیر یافته,24,verified
710,شرع,دین و شریعت,24,verified
711,متبوع,اطاعت و پیروی شده,24,verified
712,شایان,شایسته,24,verified
713,تکنوکرات,کارشناس فنی در جایگاه مدیریتی و اجرایی,24,verified
714,ننگین,بدنام، شرم آور,24,verified
715,ابناء,آدمیزادگان,24,verified
716,اختناق,سرکوب،تنگنا،فشار,25,verified
717,بی حمیت,بی غیرت,25,verified
718,مِلاک,معیار,25,verified
719,ساطع,تابان، برافراشته,25,verified
720,توبیخ,سرزنش کردن,25,verified
721,تسجیل,ثابت و استوار کردن,25,verified
722,اغماض,چشم پوشی،نادیده گرفتن,25,verified
723,مُرُوَت,جوانمردی,25,verified
724,عناد,ستیزه کردن، دشمنی,25,verified
725,جُوک,مزاح، داستان کوتاه خنده دار، لطیفه,25,verified
726,افتراء,تهمت,25,verified
727,تبیین,بیان کردن،شرح دادن,25,verified
728,مُهَیِج,هیجان آور،برانگیزنده,25,verified
729,اشتهار,شهرت، معروف کردن,25,verified
730,مُجَِّدانه,با جدیت،سرسختانه,25,verified
731,مُحِیلانه,مکارانه، حیله گرانه,25,verified
732,فضول,گستاخ، یاوه گو,25,verified
733,هبه,بخشش و انعام,25,verified
734,نوباوه گی,کودکی،طفلی,25,verified
735,بوالهوس,شهوت پرست،هوسباز,25,verified
736,گسیخته,گسسته، پاره شده,25,verified
737,تَبَلْوُر,نمایان شدن،معلوم شدن,25,verified
738,مأمول,آرزو شده،خواسته شده,25,verified
739,افسار,لجام،قیضه,25,verified
740,ابلهان,بشعوران، ساده لوحان,25,verified
741,مَخدوش,نامنسجم،پریشان،معیوب,25,verified
742,رأفت,مهربانی,25,verified
743,مفروض,تصور شده،به عنوان مثال مد نظر گرفته شده,25,verified
744,اِمتِزاج,ترکیب،آمیخته شدن,25,verified
745,مضبوط,محکم، استوار,25,verified
746,ناهنجاری,ناهماهنگی، گدودی,25,verified
747,تبََلوُْر,نمایان شدن،معلوم شدن,25,verified
748,نارسایی,نقص، کوتاهی,25,verified
749,ضوابط,قاعده ها، دساتیر,25,verified
750,تَلاطُم,شوریده گی،هیجان،تنش,26,verified
751,تَشَتتُ,پراکنده گی،تفرق، جدایی,26,verified
752,کُنْهْ,اصل،اساس،حقیقت,26,verified
753,لُِّبلُباب,خاص ترین و مهم ترین بخش،اصل،جوهر,26,verified
754,بادی,جسم,26,verified
755,قِلَت,کمبود،کمی,26,verified
756,مُتَمَرِد,سرکش،نافرمان،یاغی,26,verified
757,محو,نابود شدن،از بین رفتن,26,verified
758,غَور,دقت و تفکر,26,verified
759,مُحَرِک,حرکت دهنده,26,verified
760,مُتأذی,اذیت کننده،آزار دهنده,26,verified
761,مُنعِم,نعمت دهنده، توان گر,26,verified
762,وصول,رسیدن,26,verified
763,نِندارتُون,نمایشگاه,26,verified
764,نَسق,نظم و ترتیب,26,verified
765,امیال,جمع میل،خواست ها,26,verified
766,استثمار,بهره کشی،استفاده جویی از زحمت کسی,26,verified
767,بارز,آشکار، معلوم,26,verified
768,مدنیت,تمدن،شهر نشینی,26,verified
769,مختنقکردن,خفه کردن،خاموش کردن,26,verified
770,جوارح,اعضا و اندام,26,verified
771,سراچه,خانه کوچک، سرا، دنیا,26,verified
772,اکتر Actor,هنرپیشه،ممثل,26,verified
773,رولگردانی,نقش بازی کردن,26,verified
774,بائست,ضرور، حتمن,26,verified
775,مصنوع,ساخته شده،مخلوق,27,verified
776,مَمْلُو,پرُ,27,verified
777,سعید,خوش بخت,27,verified
778,شقی,بدبخت,27,verified
779,ادوار,دوره ها،زمان ها,27,verified
780,مَعَاد,عالم آخرت,27,verified
781,رفاه,آسودگی,27,verified
782,کوشان,کوشش کننده،تلاش کننده,27,verified
783,متکفل,عهده داد،ضامن,27,verified
784,درایت,دانش،بینش و آگاهی,27,verified
785,تیوری,نظریه،نظر علمی قابل اجراء,27,verified
786,سفسطه,پنهان کردن حقیقت با گفتن دلایل غلط,27,verified
787,مبادی,شروع، آغاز ها,27,verified
788,اسلوب,شیوه و روش،طریقه,27,verified
789,تعمیم,عام ساختن،گسترش,27,verified
790,بِکر,تازه، اندیشه نو،جدید,27,verified
791,واهی,خیالی، بی اساس,27,verified
792,منوط,مربوط، وابسته,27,verified
793,اِغماض,نادیده گرفتن، چشم پوشی کردن,27,verified
794,تردد,شک,27,verified
795,مُختَفِی,مخفی،پوشیده،پنهان,27,verified
796,احتجاج,جدال، جر و بحث,27,verified
797,مُقَوِی,قوت دهنده,27,verified
798,کُنُوز,گنج ها,27,verified
799,علی العجاله,فعلاً،بصورت عاجل,27,verified
800,تسوید,نوشتن,27,verified
801,ذُرِیَات,فرزندان,27,verified
802,فواد,قلب,27,verified
803,اجمالی,کوتاه،خلاصه,27,verified
804,مبرهن,نشان دهنده، آشکار کننده,27,verified
805,مزین,زینت داده شده،آراسته,27,verified
806,اضافت,افزدن،اضافه کردن,27,verified
807,اجلال,گرامی داشتن، بزرگواری,28,verified
808,یدبلاکیف,دست(منظور قدرت پروردگار است),28,verified
809,تکریم,گرامی داشتن,28,verified
810,جوهر,اصل و خلاصه چیزی,28,verified
811,مبادی,اصول، اساسات,28,verified
812,اشجار,درختان,28,verified
813,مواصلت,به هم پیوستن،رسیدن,28,verified
814,نُصُوص,جمع نص، کلام معتبر,28,verified
815,موکد,تاکید شده,28,verified
816,صریح,آشکار،واضح،روشن,28,verified
817,مَعِیَّت,همراهی,28,verified
818,اِفترا,تهمت زدن,28,verified
819,پروپاگند,شایعه،تبلیغ منفی,28,verified
820,شرارت,فتنه انگیزی،بدی,28,verified
821,نَص,سخن معتبر,28,verified
822,اِغوا,گمراه کردن,28,verified
823,مأخوذ,مسئول، گرفته شده,28,verified
824,ستاری,پرده پوشی,28,verified
825,اِلحاد,کفر و بی دینی,28,verified
826,مُستَولی,مسلط،غالب،زور,28,verified
827,منوال,راه، روش،آئین,28,verified
828,مقرر,تعین شده,28,verified
829,فراز و نشیب,بلندی و پایینی,28,verified
830,اَسلاف,گذشتگان،نیاکان,28,verified
831,نیاکان,پدر کلان ها,28,verified
832,اجل,موعد، رسیدن مرگ,28,verified
833,دستبرد,حمله،هجوم,28,verified
834,گزند,آسیب،ضرر,28,verified
835,دخنه ها,تاریکی ها و تیرگی ها,28,verified
836,مالامال,پرُ، لبریز، مملو,28,verified
837,مسبوق,آگاه,28,verified
838,آتی,بعدی، آینده,28,verified
839,مبدأ,آغاز,28,verified
840,فریفته,دلباخته،مجذوب,28,verified
841,گراییدن,مایل شدن,28,verified
842,حدت,تندی، تیزی,28,verified
843,غفیر,بسیار,28,verified
844,عشایر,قبیله ها،جمع عشیره,28,verified
845,قدعلم,ایستادگی کردن,28,verified
846,تطمیع,به طمع انداختن،امیدوا ساختن به چیزی,28,verified
847,مألوف,عادت کرده، انس و خو گرفته,28,verified
848,عیال,زن و فرزند،خانواده,28,verified
849,اشرار,بد کاران,28,verified
850,مُفرَط,بسیار زیاد، افراط آمیز,28,verified
851,حلول,طلوع،آشکار شدن,29,verified
852,متبحر,آگاه، زبردست,29,verified
853,فیضان,برکت، فراوان شدن,29,verified
854,موجد,بوجد آوزنده,29,verified
855,شعف,خوش دلی، شادمانی,29,verified
856,اکمالات,تکمیل شدن,29,verified
857,حربی,جنگی,29,verified
858,تاخت و تاز,هجوم،حمله,29,verified
859,اماکن,مکان ها,29,verified
860,حواله,واگذاری,29,verified
861,طیب خاطر,میل خودی، بدون اجبار، به خوشی,29,verified
862,منصه,جایگاه,29,verified
863,غدر,خیانت,29,verified
864,نکبت,بیچارگی,29,verified
865,موضوعه,وضع شده,29,verified
866,تمسک,چنگ زدن,29,verified
867,فجور,گناهان، تبه کاری,29,verified
868,استماع,گوش فرا دادن,29,verified
869,منقاد,مطیع،فرمانبردار,29,verified
870,ائمه,پیشوایان،امامان,29,verified
871,تنقیص,کم شدن,29,verified
872,تأویلات,تعبیرات،نظریات،تفسیرها,29,verified
873,منطوی,شامل دانستن،مربوط,29,verified
874,مجاز,تمثیلی،غیر اصلی,29,verified
875,موازنه,وزن کردن,29,verified
876,قیاس,سنجش،اندازه گیری,29,verified
877,منسوجات,رخت ها،تکه باب,29,verified
878,مکیال,پیمانه،اندازه,29,verified
879,لابُد,به ناچار،مجبور,29,verified
880,معطوف,جلب کردن، مورد توجه قرار دادن,29,verified
881,تثبیت,ثابت کردن,29,verified
882,متردد,دودل,29,verified
883,ایضاً,علاوه برین,29,verified
884,مرتشی,رشوه گیر,29,verified
885,باک,بیم، ترس,29,verified
886,واهمه,ترس، خیال,29,verified
887,موقوف,وابسته،مربوط,29,verified
888,انتباه,آگاهی،توجه، بیداری,29,verified
889,کیش,دین، طریقه,29,verified
890,آباء,اجداد، نیاکان,29,verified
891,قبضه,واحد اندازه گیری شمشیر و چاقو و..(یک دانه),29,verified
892,اقصاء,دور ترین جاها، نقاط دورتر,29,verified
893,یُمن,خیر و برکت,29,verified
894,رادمردی,جوان مردی,29,verified
895,سجایا,خصلت ها،صفات,29,verified
896,زوال,نیست و نابود شدن,29,verified
897,شاقه,سخت،مشکل,29,verified
898,همقِران,هم نشینان، هم مانند,29,verified
899,مرئی,قابل دید,30,verified
900,مصرحات,بیانات روشن,30,verified
901,ایصال,رسیدن،وصل شدن,30,verified
902,ممر,راه،طریق,30,verified
903,فحوا,مفهوم سخن، معنی,30,verified
904,ابوالبشر,پدر بشر، اولین آدم,30,verified
905,مستشعر,بیان کننده,30,verified
906,موجز,مختصر,30,verified
907,صوامع,صومعه ها، عبادت گاه ها,30,verified
908,ماسواءلله,هرچیزِ غیر خدا ج,30,verified
909,غُلُو,از حد گذشتن،اغراق,30,verified
910,انور,درخشان,30,verified
911,رهبانیت,گوشه گیری،دنیا گریزی,30,verified
912,انزوا,گوشه نشینی,30,verified
913,عنان,زمام، افسار,30,verified
914,خطیر,با اهمیت، خطرناک,30,verified
915,کمینه,بنده، این جانب,30,verified
916,الوان,رنگ ها,30,verified
917,جام,پیاله,30,verified
918,میگر,آله اندازه گیری,30,verified
919,تعمیم,همگانی کردن,30,verified
920,معضله,مشکل,30,verified
921,سرسام آور,حیرت آور,30,verified
922,مُخَوِف,ترسناک,30,verified
923,مُدهِش,دهشت آور، ترسناک,30,verified
924,ابنیه,آبادی، ساختمان ها,30,verified
925,پرتگاه,لغزش گاه، ورطه,30,verified
926,واجب الوجود,خدای یگانه (ذاتی که بودنش واجب است),30,verified
927,بقا,باقی ماندن،ماندگاری,30,verified
928,محدب,برجسته (نوعی از آیینه),30,verified
929,تنزیل,پاین آوردن،کم کردن,30,verified
930,مَصَاب,مبتلا شدن،گرفتار شدن,30,verified
931,مُباح,جایز، حلال,30,verified
932,اَجرام سماوی,ستارگان و کُ رات,30,verified
933,محال,ناممکن,30,verified
934,مُنسَجَم,منظم,30,verified
935,مجانین,جمع مجنون (اینجا منظور عرفانی است),30,verified
936,مُسکر,مست،غرق،مشغول,30,verified
937,مفلوج,فلج شده,30,verified
938,فاقد,محروم,30,verified
939,نامرغوب,ناخوشایند,30,verified
940,قایم بالذات,خود استوار،تکیه به خود,30,verified
941,هیولا,غول پیکر،دیو,30,verified
942,مَظهر,جلوه گاه،جای ظهور,30,verified
943,املاک,ملک ها، باغ و زمین,30,verified
944,کالبُد,قالب، جسم,30,verified
945,حِیطه,قلمرو، ساحه,31,verified
946,مدهوش,گیج، نشه، بی حال و بی خیال شدن,31,verified
947,تملک,تصرف،قدرت,31,verified
948,خلال,از طریق، بواسطه,31,verified
949,وضاحت,بسیار واضح و آشکار,31,verified
950,تأسی,پیروی,31,verified
951,اسلوب,راه و روش,31,verified
952,بدکنشتی,بد کاری، بد عملی,31,verified
953,مدقق,دقت کننده,31,verified
954,اتکاء,تکیه،استناد,31,verified
955,کالبد,قالب، جسم,31,verified
956,مفارقت,جدا شدن,31,verified
957,مرئی,قابل دید,31,verified
958,انحاء,طریقه ها، راه ها,31,verified
959,مُستَولی,مسلط، حاکم,31,verified
960,تلبیسات,وسوسه ها,31,verified
961,اَمیال,آرزوها,31,verified
962,غایه,هدف,31,verified
963,نندارتون,نمایشگاه,31,verified
964,مصائب,رنج ها,31,verified
965,تزلزل,سستی،ضعیفی، لرزنده,31,verified
966,تسوید,درج کردن،نوشتن,31,verified
967,بلاانقطاع,بدون وقفه,31,verified
968,صانعیت,خالق بودن،پیدا کننده بودن,31,verified
969,آلات,وسایل، افزار,31,verified
970,کارروایی,تدبیر کار، کارسازی,31,verified
971,اشجار,درختان,31,verified
972,احجار,سنگ ها,31,verified
973,برآرنده,آفریننده، خلق کننده,31,verified
974,خلاقه,توان خلق کردن، قدرت ابداع,31,verified
975,مصنوعات,مخلوقات، ساخته شده,31,verified
976,انتظام,ترتیب، نظم,31,verified
977,صانع,خالق، سازنده,31,verified
978,سرسام آور,حیران کننده، بی حد زیاد,32,verified
979,تحیر,حیرت,32,verified
980,مات,حیران,32,verified
981,بلاکیف,غیر قابل تعریف،بدون چگونه گی,32,verified
982,بلاشرط,بدون شرط,32,verified
983,حی,زنده,32,verified
984,جماد,بی جان ها,32,verified
985,اثمار,میوه ها,32,verified
986,انتها,آخر، اتمام و ختم,32,verified
987,طیور,پرندگان,32,verified
988,بر,خشکی,32,verified
989,صُلب,پشت پدر، نطفه,32,verified
990,معدوم شونده گان,نابود شوندگان,32,verified
991,آوان,زمان، هنگام,32,verified
992,صغارت,هنگام طفلیت,32,verified
993,مفلوج,فلج,32,verified
994,حراست,نگهبانی,32,verified
995,حضانت,پرورش دادن کودک,32,verified
996,مدارج,درجه ها، رتبه ها,32,verified
997,مرسول,فرستاده شده,32,verified
998,انلارج,وسیع و بزرگ ساختن,32,verified
999,نازه,ناخن,32,verified
1000,حتی الوسع,تا حد توان,32,verified
1001,اصالت,نجابت، شرافت,32,verified
1002,منقاد,تسلیم بودن,32,verified
1003,تعمیم,عام ساختن، فراگیر ساختن,32,verified
1004,وافی,کافی،بسنده,32,verified
1005,مظهر,جلوه گاه،جای ظهور,32,verified
1006,واجب الوجود,موجودی که برای موجودیت خود محتاج به غیر نباشد,32,verified
1007,بتمامه,تماما،ًکامل,32,verified
1008,احتشام,شان و شکوه,32,verified
1009,ضلالان,گمراهان,32,verified
1010,متعذر,دشوار، ناممکن,32,verified
1011,ملتفت,متوجه شدن,32,verified
1012,انموذج,نمونه,33,verified
1013,متجسس,جستجوگر,33,verified
1014,تحریر,نوشتن,33,verified
1015,تقریر,سخن گفتن، شفاهی,33,verified
1016,ابنیه,ساختمان ها، بناها,33,verified
1017,ذوالارواح,دارنده گان روح،زنده جانها,33,verified
1018,بایست,باید، لزوم، ضروری,33,verified
1019,دیکته,تقریر،بیان,33,verified
1020,صدد,در پی کاری، نزدیکی,33,verified
1021,سرمدی,دائمی، ابدی,33,verified
1022,تعدیل,منظم تقسیم کردن,33,verified
1023,جوارح,اندام ها،اعضاء,33,verified
1024,محمولات,بارها,33,verified
1025,انقباض,بسته شدن،گرفته,33,verified
1026,انبساط,گسترده و پنهاور شدن,33,verified
1027,متعفن,فاسد شده، پوسیده,33,verified
1028,نفخ,باد، ورم,33,verified
1029,مفتخر,سربلند،سرفراز,33,verified
1030,اوهام بافی,خیال بافی,33,verified
1031,مداوا,دوا کردن،تداوی,33,verified
1032,طوالت,طویل و طولانی شدن,33,verified
1033,ذریعه,وسیله، واسطه,33,verified
1034,مسبوق,آگاه،با خبر,33,verified
1035,استرداد,بازگرداندن،مسترد کردن,33,verified
1036,شاقه,بسیار سخت و مشکل,33,verified
1037,شایق,علاقمند، مشتاق,33,verified
1038,متابعت,پیروی کردن,33,verified
1039,مسلم,ملعومدار، پذیرفته شده,33,verified
1040,حنان,قبول کننده خواست ها,33,verified
1041,منان,بسیار نعمت دهنده,33,verified
1042,کوایف,کیفیت ها,33,verified
1043,تخلیق,خلق کردن,33,verified
1044,طبع,چاپ کردن,33,verified
1045,کیش,دین و مذهب,33,verified
1046,موحدین,یکتا پرستان,33,verified
1047,مندرج,نوشته شدن، درج شده,33,verified
1048,کون و مکان,زمین و آسمان، اشاره به همۀ جهان,33,verified
1049,معطی,اعطا کننده,33,verified
1050,ذمت,گردن، عهده,33,verified
1051,مجال,فرصت,34,verified
1052,شُخمه,آماده کردن زمین برای کشت،قولبه کردن زمین,34,verified
1053,طاقت فرسایی,غیرقابل تحمل،مشکل زیاد,34,verified
1054,الوان,رنگ ها,34,verified
1055,خوره,آفت چوب]مرض نباتی، که در قسمت چوبی نباتات بوجود می آید و چوب را پوده و ساخته از بین می برد.,34,verified
1056,مالایطاق,غیرقابل تحمل,34,verified
1057,موضع,جای و مکان،,34,verified
1058,البسه,لباس ها,34,verified
1059,مباح,روا و جائز,34,verified
1060,سدود,موانع,34,verified
1061,وهله,دفعه، نوبت,34,verified
1062,برودت,سردی,34,verified
1063,املاح,نمک ها، شور کردن آب شیرین,34,verified
1064,حاره,هوای گرمسیری. سوزان، تفتان,34,verified
1065,موسمی,فصلی,34,verified
1066,برسات,موسم باران های شدید,34,verified
1067,نامسموم,بدون زهر، بی ضرر,34,verified
1068,اجرام,ستارگان,34,verified
1069,افحشتر,فاحش تر، بد تر,34,verified
1070,صعبتر,مشکل و دشوارتر,34,verified
1071,اقتفا,پیروی,34,verified
1072,مُورث,باعث،اثر گذارنده,34,verified
1073,دال,دلالت کننده,34,verified
1074,بی زوال,دائم، همیشگی,34,verified
1075,افتراء,تهمت,34,verified
1076,بطلان,باطل شده،رد شده,34,verified
1077,محض,خالص، کامل,34,verified
1078,اسلاف,پدر کلانها،گذشته گان,34,verified
1079,لواء,بیرق، علم,35,verified
1080,اِلحاد,ارتداد، از دین برگشتن,35,verified
1081,شابلونی,قالبی،نمایشی,35,verified
1082,منجذب,جلب و جذب شونده,35,verified
1083,حربه,سلاح,35,verified
1084,خفاء,پنهان,35,verified
1085,مدعی,ادعا کننده,35,verified
1086,مساعی,کوشش,35,verified
1087,مسبوق,آگاه، مطلع,35,verified
1088,اکید,دستور قطعی,35,verified
1089,مزید,افزونی، افزوده شدن,35,verified
1090,اتم,تمام تر,35,verified
1091,ائمه,پیشوایان،امامان,35,verified
1092,متأخر,معاصر،آخری,35,verified
1093,تأسی,پیروی کردن,35,verified
1094,شاذ,نادر، کم یاب,35,verified
1095,پرمایه,ارزشمند,35,verified
1096,مداقه,دقت، باریک بینی,35,verified
1097,پرما,برمه,35,verified
1098,ید,دست,35,verified
1099,عم نواله,عام است نعمت و بخشش او,35,verified
1100,انسداد,بسته شدن,35,verified
1101,عروق,رگها,35,verified
1102,قصور,کوتاهی,35,verified
1103,انسجام,همآهنگی، همبستگی,35,verified
1104,التصاقی,چسپنده گی,35,verified
1105,الیاف,تار و ریشه بدست آمده از گیاهان,35,verified
1106,غوزه,غلاف و پوست گیاهان,35,verified
1107,اَکل,خوردن,35,verified
1108,شرُب,نوشیدن، آشامیدن,35,verified
1109,بی رغبت,بی میل،بی علاقه,35,verified
1110,کافه,همگان، همه چیز یا همه مردم,35,verified
1111,سزاوار,لایق، مناسب,36,verified
1112,مباح,روا، مجاز,36,verified
1113,فلک,آسمان,36,verified
1114,صانعیت,آفرینندگی،خالقیت,36,verified
1115,تام,کامل,36,verified
1116,انزال,بیرون شدن،پاین آمدن,36,verified
1117,زهدان,رحِم، بچه دان,36,verified
1118,تکافو,کافی بودن،بس بودن,36,verified
1119,توصل,پیوستن,36,verified
1120,خاییدن,جویدن,36,verified
1121,جثه,بدن، تن,36,verified
1122,مشیمه,رحم، بچه دان,36,verified
1123,جبیره,اعاده، چاره کردن,36,verified
1124,کُنه,حقیقت,36,verified
1125,آوان,آغاز،ابتداء,36,verified
1126,عجز,عاجزی، ناتوانی,36,verified
1127,افگنده,انداخته,36,verified
1128,خشوع,تواضع و تألم قلبی در پیشگاه خدا.(ج) که در باطن جلوه می کند.,36,verified
1129,خضوع,فروتنی از روی نیاز در برابر خدا که در ظاهر جلوه می کند.,36,verified
1130,زعیم,پیشوا، رهبر,36,verified
1131,ستودن,ستایش کردن,36,verified
1132,رباط,کاروان سرا,36,verified
1133,زمره,گروه,36,verified
1134,شقی,بدبخت,36,verified
1135,سعید,خوشبخت,36,verified
1136,باک,گناه،مسئولیت,36,verified
1137,عَدُو,دشمن,36,verified
1138,دار,سرای، خانه،دنیا,36,verified
1139,فَُّجار,گناه کاران,36,verified
1140,مجاز,اجازه داده شده,36,verified
1141,بدو,اول، ابتدا,36,verified
1142,ملحد,کافر,36,verified
1143,مدارج,درجه ها,36,verified
1144,متسم,نشانی شده، نامیده شده,36,verified
1145,عطارخانه,داروفروشی,36,verified
1146,مَزبله,زباله دانی,36,verified
1147,رجاء,امید داشتن,37,verified
1148,مشعل,چراغ دان،چراغ,37,verified
1149,اجمال,سخن خلاصه,37,verified
1150,انموذج,نمونه,37,verified
1151,دودمان,خاندان، طایفه,37,verified
1152,تجلی,نمایان شدن,37,verified
1153,اوزان,وزن ها,37,verified
1154,طمانینه,آرامش، سکون,37,verified
1155,متکفل,عهده دار,37,verified
1156,عروج,بالا رفتن,37,verified
1157,سامعان,شنوندگان,37,verified
1158,مرموز,رازآلود، پوشیده,37,verified
1159,امرار,گذرانیدن,37,verified
1160,مختص,اختصاص یافته,37,verified
1161,مزین,زینت شده,37,verified
1162,اطفاء,خاموش کردن,37,verified
1163,اضمحلال,فروپاشی، خرابی، نیست شدن,37,verified
1164,وجوه,راه ها، روشها،جهات,37,verified
1165,مغالطه,کسی را به اشتباه انداختن. قیاس فاسد,37,verified
1166,مشتبه,به اشتباه انداختن,37,verified
1167,معطی,بخشنده،عطا کننده,37,verified
1168,تخلف,خلاف کردن،جرم,37,verified
1169,استیذان,اجازه خواستن,37,verified
1170,مستدام,دائم,37,verified
1171,مصنوع,ساخته شده،مخلوق,37,verified
1172,ابواب,در وازه ها، فصل ها,37,verified
1173,مأکولات,خوراکه ها,37,verified
1174,مشروبات,نوشیدنی ها,37,verified
1175,ماحصل,فراهم شده، خلاصه،نتیجه,37,verified
1176,منعم,نعمت دهنده,37,verified
1177,سیطره,تسلط و حاکمیت,37,verified
1178,قسام,تقسیم کننده,37,verified
1179,الوهاب,بخشنده,37,verified
1180,مقدر,تقدیر شده،تعین شده,37,verified
1181,البسه,لباس ها,37,verified
1182,ملهمه,الهام دهنده,37,verified
1183,چابک,زرنگ، ماهر,37,verified
1184,حمال,باربر،جوالی,37,verified
1185,دلال,واسطه در خرید و فروش،کمیشن کار,37,verified
1186,عطالت,تنبلی,37,verified
1187,عار,ننگ,38,verified
1188,اغیار,بیگانه ها,38,verified
1189,معاذیر,عذرها,38,verified
1190,لحم,گوشت,38,verified
1191,شحم,چربی,38,verified
1192,القاء,آموختن، تلقین کردن,38,verified
1193,تلقین,فهماندن,38,verified
1194,ارزاق,روزی ها,38,verified
1195,اصناف,دسته ها،صنوف و گروه ها,38,verified
1196,کاسبین,سوداگران،کسبه کاران,38,verified
1197,قدسیان,پاکان,38,verified
1198,اوراد,دعاها,38,verified
1199,زوال,نیست شدن,38,verified
1200,مرضات,خشنودی، رضایت,38,verified
1201,دغاباز,شخص نادرست،دغل باز,38,verified
1202,علاف,گندم فروش، علوفه فروش,38,verified
1203,بزاز,تکه فروش,38,verified
1204,سَقَط,خرده فروش,38,verified
1205,مسترد,باز فرستاده،پس دادن,38,verified
1206,اثمار,میوه ها,38,verified
1207,فتاح,گشاینده، گشایشگر,38,verified
1208,غلو,مبالغه,38,verified
1209,اعدا,دشمنان,38,verified
1210,ایزد,خدا، آفریدگار,38,verified
1211,کوایف,کیفیت ها،خصوصیات,38,verified
1212,زبر,خشن، درشت,38,verified
1213,مهجوری,جدایی،دوری,38,verified
1214,احباء,دوستان,38,verified
1215,انجماد,یخ بسته،منجمد,38,verified
1216,ذوب,آب شدن,38,verified
1217,تکفل,تقبل،سرپرستی، متعهد گشتن,38,verified
1218,جبار,ستم گر,38,verified
1219,علیحده,جدا,38,verified
1220,اکمال,کامل کردن,38,verified
1221,وارسی,بررسی،سرپرستی,38,verified
1222,کاروان,قافله,38,verified
1223,سیلان,روان شدن،جریان,39,verified
1224,غدد,غده ها,39,verified
1225,جوارح,اعضا و اندام ها,39,verified
1226,مجیب,اجابت کننده,39,verified
1227,مقسط,دادگر، عادل,39,verified
1228,الجامع,جمع کننده،کامل,39,verified
1229,بلا مانع,بدون مشکل,39,verified
1230,تلافی,جبران کردن,39,verified
1231,استهلاک,فرسوده گی، نیست و کهنه کردن,39,verified
1232,حی,زنده,39,verified
1233,تکافو,بس بودن،کفایت کردن,39,verified
1234,تعلل,بهانه آوردن،تنبلی,39,verified
1235,مسامات,سوراخ ها,39,verified
1236,انسداد,بند شدن,39,verified
1237,غریزی,ذاتی،فطری,39,verified
1238,سلول cell,حجره] عناصر زنده و آزادی که بافت های جانوری و گیاهی را ساخته اند.[,39,verified
1239,تشنج,آشفتگی، بهم خورده گی,39,verified
1240,مسموم,سمی، زهر آلود,39,verified
1241,نالی,نیشکر] به مفهوم لولۀ انتقال خون آمده است[,39,verified
1242,لم یزل,بی زوال،همیشه گی,39,verified
1243,لایزال,ابدی،دایمی,39,verified
1244,اکرام,بزرگ داشتن،عزت دادن,39,verified
1245,موحدین,یکتاپرستان,39,verified
1246,تعمیم,عمومیت دادن،عام ساختن,39,verified
1247,علیا,بلند تر,39,verified
1248,محض,خالص،صاف و کامل,39,verified
1249,مساعدت,یاری کردن،کمک,39,verified
1250,متین,محکم، استوار,39,verified
1251,پرتو,روشنایی،جلوه,39,verified
1252,حوایج,احتیاجات,40,verified
1253,نصرت,یاری و کمک,40,verified
1254,برودت,سرد شدن,40,verified
1255,فال,پیش بینی,40,verified
1256,مصون,محفوظ،در امن بودن,40,verified
1257,سرسام آور,گیچ کننده,40,verified
1258,اشعارماسی,رگ و ریشه های بسیار باریک,40,verified
1259,مولد,تولید کننده,40,verified
1260,باسط,فراخی دهنده,40,verified
1261,الخافض,خوار کننده,40,verified
1262,القابض,گیرنده,40,verified
1263,الهادی,هدایت گر,40,verified
1264,شبهه,ابهام، احتمال،شک,40,verified
1265,انتباه,عبرت گرفتن,40,verified
1266,تحیر,حیران شدن,40,verified
1267,متابعت,پیروی کردن,40,verified
1268,ضلالت,گمراهی,40,verified
1269,تلبیسات,پنهان کردن حقیقت،وسوسه,40,verified
1270,استبعاد,دوری کردن،بیزاری,40,verified
1271,مستوجب,لایق، سزاوار,40,verified
1272,افضل,بهتر,40,verified
1273,ملتفت,متوجه,40,verified
1274,الجمیل,زیبا، نیکو,40,verified
1275,فرقه,دسته، گروه,40,verified
1276,کیش,دین,40,verified
1277,مسلک,روش، آیین,40,verified
1278,کشاف,بسیار کشف کننده,40,verified
1279,تکلم,سخن گفتن,40,verified
1280,فارقه,فرق ایجاد کننده،مشخصه,40,verified
1281,مصرحات,بیانات،تصریحات,40,verified
1282,مرحوم,آمرزیده شده,40,verified
1283,امتعه,کالاها،جمع متاع,40,verified
1284,اقمشه,پارچه و جامه های پشمینه،جمع قماش,40,verified
1285,غایه,هدف,40,verified
1286,خفاء,پنهانی،مخفی,41,verified
1287,ملاء,آشکارا,41,verified
1288,ظهور,آشکار شدن,41,verified
1289,اسباب,سبب ها،دلایل,41,verified
1290,وضع,ایجاد کردن،گذاشتن,41,verified
1291,بیضه,تخم,41,verified
1292,سهل,آسانی,41,verified
1293,منقار,نوک (نول) پرندگان,41,verified
1294,کردگار,فریدگار، آفریننده، خالق، خدا,41,verified
1295,منصه,محل، جایگاه,41,verified
1296,گزاف,بیهوده,41,verified
1297,وصف الحال,مطابق به حالت شان,41,verified
1298,ممر,راه، جای عبور,41,verified
1299,تنویر,روشن کردن,41,verified
1300,وا داشتن,وادار کردن,41,verified
1301,مرزوقات,روزی ها,41,verified
1302,نشاط,خوشی و شادمانی,41,verified
1303,مرکوبات,سواری ها,41,verified
1304,ثقلت,گرانی،ثقیل و وزین بودن,41,verified
1305,اغصان,شاخه ها,41,verified
1306,نهان,پنهان,41,verified
1307,قشر,سطح، پوست,41,verified
1308,عم نواله,عام است بخشش و کرم او,41,verified
1309,جنان,جنت ها,41,verified
1310,حنان,بخشاینده,41,verified
1311,منان,بسیار نعمت دهنده,41,verified
1312,متعذر,ناممکن،مشکل,41,verified
1313,استشمام,بوییدن,41,verified
1314,درایت,آگاهی، فراست,41,verified
1315,اجمال,خلاصه، فشرده,41,verified
1316,مستغرق,غرق شدن,41,verified
1317,تحیر,حیرت،حیرانی,41,verified
1318,اغواء,فریب,41,verified
1319,انانیت,خودبینی، خودنمایی,41,verified
1320,راهداری,اجازت،ورود,41,verified
1321,اعداء,دشمنان,41,verified
1322,انتباه,آگاهی، بیداری، توجه,42,verified
1323,مادونان,زیردستان,42,verified
1324,انتباهاً,برای هوشدار و بیدار ساختن و تربیه کردن,42,verified
1325,تَمَرُّد,نافرمانی کردن,42,verified
1326,طنطنه,آوازه، سر و صدا,42,verified
1327,دبدبه,تشریفات،خودنمایی,42,verified
1328,انموذج,نمونه،الگو,42,verified
1329,شامخ,بلند,42,verified
1330,استیذان,اجازه خواستن,42,verified
1331,تقلیب,برگردانیدن،تبدیل,42,verified
1332,حسب,اندازه، قدر,42,verified
1333,حوایج,حاجت ها،نیازها,42,verified
1334,منصه,جایگاه,42,verified
1335,منوط,وابسته،مربوط,42,verified
1336,اِمحاء,نابودی,42,verified
1337,حظ,لذت، بهره,42,verified
1338,بسط,فراخی,42,verified
1339,ورطه,پرتگاه، مهلکه، گرداب,42,verified
1340,حایز,دربردارنده,42,verified
1341,موهبت,بخشش,42,verified
1342,حربی,جنگی، نظامی,42,verified
1343,تعدیل,هموزن کردن،برابر کردن,42,verified
1344,احفاد,نوادگان،نواسه ها,42,verified
1345,صُوَری,ظاهری،قابل دید,42,verified
1346,انحاء,روشها,42,verified
1347,اسلاف,نیاکان، اجداد,42,verified
1348,مُبرهن,دلیل و برهان،روشن,42,verified
1349,کمینه,کمتر یا کمترین,42,verified
1350,ماهیت,حقیقت,42,verified
1351,شئونات,جنبه ها یا ابعاد,42,verified
1352,محیل,حیله گر,42,verified
1353,مورث,باعث، موجب,42,verified
1354,ادون,پاین تر، کم تر,42,verified
1355,ذرایع,وسایط،ذریعه,42,verified
1356,ادعیات,دعاها,42,verified
1357,مداقه,دقت، باریک بینی,42,verified
1358,مأمول,آرزو شده،خواست,42,verified
1359,مغموم,غمناک,42,verified
1360,محزون,اندوهگین,42,verified
1361,حضیض,پستی، نشیب,42,verified
1362,دنائت,پستی و ذلیلی,42,verified
1363,مستشعر,بیان کننده,42,verified
1364,لاشیء,هیچ چیز، عدم,43,verified
1365,الحاح,خواستن چیزی با زاری و التماس,43,verified
1366,رقت,دلسوزی، نازک دلی. نرمی و نازکی,43,verified
1367,آلام,دردها، رنج ها,43,verified
1368,ودیعت,امانت,43,verified
1369,مسبوق,آگاه،مطلع شدن,43,verified
1370,استبدال,گرفتن چیزی را در بدل چیزی،تبدیل,43,verified
1371,مخیله,تخیل یا تصور,43,verified
1372,تدقیق,باریک بینی,43,verified
1373,دمار,هلاکت، نابودی,43,verified
1374,حبه,یک دانه,43,verified
1375,تسخین,گرم کردن,43,verified
1376,تلاطم,جنب و جوش,43,verified
1377,بلیه,مصیبت،بلا,43,verified
1378,عنان کشی,مهار کردن افسار،کنترول,43,verified
1379,مستحضر,آگاه ساختن,43,verified
1380,موعود,وعده داده شده,43,verified
1381,احراز,به دست آوردن,43,verified
1382,سرمدی,جاویدانه، همیشه گی,43,verified
1383,مکتفی,بسنده کننده به چیزی,43,verified
1384,انجامه,محیطی وسیع و پیچیده,43,verified
1385,سیطره,تسلط,43,verified
1386,کُنوز,گنج ها,43,verified
1387,حیلت,فریب,43,verified
1388,تحریص,تشویق، تحریک,43,verified
1389,متکاثره,زیاد شونده,43,verified
1390,حِدت,تندی، تیزی,43,verified
1391,تهلکه,خطر بزرگ,43,verified
1392,بعیده,کم احتمال،دور,43,verified
1393,مذموم,نادرست,43,verified
1394,ریزیده,پاشیده یا پراکنده,43,verified
1395,فقدان,کمبودی,43,verified
1396,مبالغه,زیاده گویی,43,verified
1397,تثبیت,ثابت کردن,43,verified
1398,وصف الحال,مطابق به وضعیت,43,verified
1399,نافع,مفید،نفع دهنده,43,verified
1400,استناد,دلیل برای تایید یک ادعا,44,verified
1401,رخنه,نفوذ,44,verified
1402,نسیان,فراموشی,44,verified
1403,سارق,دزد,44,verified
1404,مرتشی,رشوه گیرنده,44,verified
1405,مرضات,رضایت ها,44,verified
1406,وقایع,رویداد ها,44,verified
1407,اتخاذ,گرفتن، انتخاب,44,verified
1408,منصوصه,تعیین شده,44,verified
1409,متکفل,عهده دار،مسئول,44,verified
1410,نندارتون,نمایشگاه,44,verified
1411,صنع,ساختن,44,verified
1412,خوان,سفره (منظور از نعمت و رحمت است),44,verified
1413,تأسی,پیروی,44,verified
1414,غرض,هدف,44,verified
1415,ابداع,خلق کردن,44,verified
1416,تجسس,بررسی برای دریافت حقایق,44,verified
1417,مأکولات,خوراکی ها,44,verified
1418,مشروبات,نوشیدنی ها,44,verified
1419,ملبوسات,لباسها,44,verified
1420,تمییز,تشخیص،فرق کردن,44,verified
1421,معرض,جای نشان دادن چیزی,44,verified
1422,شداید,مشکلات,44,verified
1423,مغشوش کننده,سرگردان کننده,44,verified
1424,مغیر,تغییر دهنده,44,verified
1425,الوان,رنگ ها,44,verified
1426,مستدام,پایدار,44,verified
1427,غرض,هدف,44,verified
1428,اعطاء,بخشیدن چیزی,44,verified
1429,گماشته,منصوب شده,44,verified
1430,عجائب,شگفتی ها,44,verified
1431,غرائب,عجیب و غریب,44,verified
1432,متوالی,پیوسته،دوامدار,44,verified
1433,ثقلت,سنگینی,44,verified
1434,ابدان,اجساد،بدن ها,44,verified
1435,انجذاب,جذب کننده,44,verified
1436,دهریون,مادی گرا ها,44,verified
1437,ملحدین,بی باوران,44,verified
1438,اضداد,ضدها,44,verified
1439,غربت,بیگانگی،ناشناختگی,44,verified
1440,مسکن,محل سکونت,44,verified
1441,ارتزاقی,مواد خوراکی,44,verified
1442,حوایج,نیاز ها,44,verified
1443,همقران,هم زمان،همسن,44,verified
1444,اقناع,قانع کردن,44,verified
1445,تزویر,فریب یا نیرنگ,44,verified
1446,آخور,محل تغذیه حیوانات,45,verified
1447,طیور,پرندگان,45,verified
1448,رهزن,دزد,45,verified
1449,سراغ,جستجو,45,verified
1450,طرق,راه ها,45,verified
1451,وصول,دریافت،رسیدن,45,verified
1452,بدکنشت,بدکار,45,verified
1453,مرئی,قابل دیدن,45,verified
1454,مهار,وسیله ای برای کنترل،مانع,45,verified
1455,فایق,برتر،کامیاب,45,verified
1456,جوارح,اعضای بدن,45,verified
1457,ذریعه,وسیله,45,verified
1458,سُمعه,،عمل خیر خود را به مردم شنوانیدن، ریا,45,verified
1459,منتفی,از بین رفته,45,verified
1460,مستولی,مسلط,45,verified
1461,تحویل,انتقال،تسلیم,45,verified
1462,جوارح,اعضای بدن,45,verified
1463,وجوه,جهات، جنبه ها,45,verified
1464,اعتناء,توجه، دقت,45,verified
1465,بقاء,ادامه داشتن,45,verified
1466,تسهیل,آسان سازی,45,verified
1467,معدوم,نابود شده,45,verified
1468,ساقط,افتاده، از بین رفته,45,verified
1469,ماجرا,رویداد,45,verified
1470,وافی,کامل,45,verified
1471,مستعد,آماده،استعداد دارنده,45,verified
1472,ایضاً,همچنین،همچنان,45,verified
1473,سدود,موانع,45,verified
1474,ابناء,فرزندان یا نسل های مردم,45,verified
1475,مبرم,ضروری,45,verified
1476,تعمیم,عام ساختن، عمومی کردن,45,verified
1477,تلافی,جبران,45,verified
1478,عارضه,عوارض،ضرر,45,verified
1479,مشام,حس بویایی,45,verified
1480,عجم,غیرعرب ها,45,verified
1481,مورث,به ارث رسیده،باعث,45,verified
1482,بلیات,مصائب، سختی ها,45,verified
1483,واخریم,تحویل بگیریم، کمک کنیم,45,verified
1484,مبادا,مراقب باش,46,verified
1485,متعذر,غیرممکن,46,verified
1486,عدیده,بسیار,46,verified
1487,استعانت,یاری گرفتن،کمک,46,verified
1488,محوله,واگذار شده,46,verified
1489,امرار,گذراندن,46,verified
1490,انلارج enlarge,بزرگ ساختن,46,verified
1491,استیلا,تسلط یافتن,46,verified
1492,تقاطع,محل قطع کننده,46,verified
1493,استرخایی,خواب آلوده گی,46,verified
1494,طاری,اتفاق افتاده،جاری,46,verified
1495,کالبد,بدن,46,verified
1496,وارسی,بررسی،سرپرستی,46,verified
1497,رغبت,علاقه,46,verified
1498,انتظام,نظم,46,verified
1499,طول امل,آرزو هایطولانی زندگی,46,verified
1500,اطوار,رفتار ها،اشکال,46,verified
1501,اتساع,گسترش،وسیع شدن,46,verified
1502,اشِکال,مانع,46,verified
1503,فجایع,فاجعه، مصیبت ها,46,verified
1504,متأذی,آسیب،اذیت,46,verified
1505,زایل,از بین رفته,46,verified
1506,تزلزل,لرزش,46,verified
1507,مرسله,ارسال شده,46,verified
1508,صیغه,قالب,46,verified
1509,سانسور,حذف یا تغییر دادن مطالب,46,verified
1510,پرازیت,موجودی که از میزبانش تغذیه و آسیب می رساند,46,verified
1511,کارگاه,مکان آموزش حرفه ای,46,verified
1512,اعداء,دشمنان,46,verified
1513,تشکیک,ایجاد شک و تردید,46,verified
1514,مغالطه,استدلال اشتباه,46,verified
1515,عنقا,پرندۀ کمیاب و نادر,46,verified
1516,عنان,مهار,46,verified
1517,ابوین,والدین,46,verified
1518,یمُن,برکت، خوشبختی,46,verified
1519,مسبوق,آگاه,46,verified
1520,متعدی,تجاوز کننده,46,verified
1521,مأجور,پاداش گرفته,46,verified
1522,سفاک,بی رحم,46,verified
1523,گیتی,جهان,46,verified
1524,متروک,رها شده،ترک شده,46,verified
1525,مفرط,بیش از حد,46,verified
1526,ممد,یاری دهنده,46,verified
1527,حراست,نگهبانی,46,verified
1528,شرایع,شریعت,46,verified
1529,ادوار,دوره ها,46,verified
1530,حضانت,سرپرستی,46,verified
1531,صریح,آشکار,47,verified
1532,شطارت,زیرکی،هوشیاری,47,verified
1533,کوایف,خصوصیات،کیفیت ها,47,verified
1534,مردود,رد شده,47,verified
1535,شباب,جوانی,47,verified
1536,اسلاف,گذشتگان,47,verified
1537,مدعی,کسیکه ادعا دارد,47,verified
1538,اکل,خوردن,47,verified
1539,مأکول,خوراکی,47,verified
1540,اکلان,خورندگان,47,verified
1541,مأمون,در امان,47,verified
1542,رهزن,دزد,47,verified
1543,ضلالت,گمراهی,47,verified
1544,تجملات,لوازم لوکس,47,verified
1545,عیار,معیار,47,verified
1546,فرسخ,واحدی برای اندازه گیری مسافت,47,verified
1547,یأس,ناامیدی,47,verified
1548,تجلی,آشکار شدن,47,verified
1549,جریجه دار,زخمی,47,verified
1550,استعانت,یاری خواستن,47,verified
1551,بدو,آغاز,47,verified
1552,شیادی,فریبکاری,47,verified
1553,وانمود,تظاهر,47,verified
1554,امتلا,پر بودن,47,verified
1555,وقایع,رویداد ها,47,verified
1556,ازمنه,دوره ها،زمانه ها,47,verified
1557,زعم,نظر،دید،گمان,47,verified
1558,غوطه,فرو رفتن,47,verified
1559,مقارنت,همراهی،نزدیکی,47,verified
1560,مشاجره,دعوا,47,verified
1561,رکیک,ناپسند,47,verified
1562,منال,دارایی,47,verified
1563,گماشته,منصوب شده برای کاری,47,verified
1564,اقتفای,پیروی کردن,47,verified
1565,ماحصل,حاصل شده، نتیجه,47,verified
1566,مباح,مجاز و حلال,47,verified
1567,مرموز,مبهم،رمز دار,47,verified
1568,غدر,خیانت,47,verified
1569,متعفن,بد بوی،گندیده,48,verified
1570,وجوه,جنبه ها،جهات,48,verified
1571,محیرالعقول,حیران کننده عقل،شگفت آور,48,verified
1572,جنون,دیوانگی,48,verified
1573,جبیره,وسیله ای برای بستن عضو شکسته,48,verified
1574,التیام,بهبود یافتن,48,verified
1575,حوالی,اطراف,48,verified
1576,منفلق,انفجار، شکافته شده,48,verified
1577,موکل,مأمور,48,verified
1578,نادم,پشیمان,48,verified
1579,تلبیس,فریب دادن,48,verified
1580,ملهمه,الهام گرفته شده,48,verified
1581,تأسی,پیروی کردن,48,verified
1582,نموداری,نشان دهنده,48,verified
1583,عم نواله,عام است لطف او,48,verified
1584,مستور,پنهان,48,verified
1585,مشیمه,کیسه ای که جنین در آن قرار دارد،رحم مادر,48,verified
1586,معطی,بخشنده,48,verified
1587,منوط,وابسته،مربوط,48,verified
1588,علایق,دلبستگی ها،روابط,48,verified
1589,علاقه مفرط,دلبستگی شدید,48,verified
1590,حاوی,شامل,48,verified
1591,مداومت,ادامه دادن,48,verified
1592,اکمال,کامل کردن,48,verified
1593,ابوالجان,پدر یا منشأ جنیان,48,verified
1594,فسخ,لغو کردن,48,verified
1595,ممد,کمک کننده,48,verified
1596,کسالت,سستی،تنبلی,48,verified
1597,مبراء,پاک,48,verified
1598,ذریات,فرزندان,48,verified
1599,کدرانی,تاریکی,48,verified
1600,آذوقه,مواد غذایی,48,verified
1601,تام,کامل,48,verified
1602,عداوت,دشمنی,48,verified
1603,غلبه,پیروزی,48,verified
1604,استماع,شنیدن,48,verified
1605,موکد,تاکید شده,48,verified
1606,اغوا,فریب,48,verified
1607,غدار,خیانتکار,49,verified
1608,نشیب و فراز,بالا و پایین,49,verified
1609,مشیت,اراده خداوند,49,verified
1610,دیدبان,نگهبان،نظرگاه,49,verified
1611,وارسی,بررسی،سرپرستی,49,verified
1612,امرار,گذراندن,49,verified
1613,صاعقه,رعد و برق,49,verified
1614,اصح,صحیح ترین، واضح تر ین,49,verified
1615,تنزیل,نازل کردن,49,verified
1616,جهال,نادانان,49,verified
1617,فرط,بیش از حد,49,verified
1618,مزیت,برتری,49,verified
1619,التباس,فریب،پوشانیدن,49,verified
1620,لگام گسیخته,بدون محدودیت،بی حد و مرز,49,verified
1621,حجج,دلایل و حجت ها,49,verified
1622,موهوم,خیالی,49,verified
1623,خامطبع,ناپخته و بی تجربه,49,verified
1624,شقوق,بخش ها,49,verified
1625,نگارنده,نویسنده,49,verified
1626,اندوخته,پس انداز,49,verified
1627,آبگوت,نوعی کشتی بزرگ,49,verified
1628,زبده,بهترین,49,verified
1629,ابنا,فرزندان,49,verified
1630,مخیله,قوه تخیل,49,verified
1631,من وجه,از یک لحاظ,49,verified
1632,مصداق,تصدیق کننده، نمونه ای از یک حقیقت,49,verified
1633,گل رخان,زیبا رویان,49,verified
1634,سطوت,قدرت و تسلط,49,verified
1635,ابلهی,نادانی,49,verified
1636,رهزن,دزد,49,verified
1637,کل ازمنه,همه زمان ها,49,verified
1638,دهور,دوران ها,49,verified
1639,دوار,گردان,49,verified
1640,موضع,جای,49,verified
1641,کامران,کامیاب,49,verified
1642,دستبرد,دزدی,49,verified
1643,حاشا و کلا,هرگز,49,verified
1644,مختنق,خفه شده،از بین رفته,49,verified
1645,مستدام,پایدار,49,verified
1646,عنبرسرشت,خوشبو,49,verified
1647,طوالت,طولانی شدن,49,verified
1648,پربها,ارزشمند,49,verified
1649,مبراء,پاک و بی گناه,49,verified
1650,مجزاء,جدا شده,49,verified
1651,عنفوان,آغاز جوانی,49,verified
1652,حظ,لذت,49,verified
1653,مشتهاة,چیزی که مطلوب و مورد آرزوست,50,verified
1654,متاب,مگردان،نگردان,50,verified
1655,باکره,دوشیزه,50,verified
1656,معمر,فردی که عمر طولانی دارد,50,verified
1657,منصه,جایگاه,50,verified
1658,آخور,محلی برای خوراک حیوانات,50,verified
1659,انتباه,بیداری و هوشیاری،پند,50,verified
1660,جانکاه,دردناک و شدید,50,verified
1661,جانباز,فداکار,50,verified
1662,دغاباز,فریبکار,50,verified
1663,مسخر,تحت کنترل,50,verified
1664,مجال,فرصت,50,verified
1665,قلابی,جعلی,50,verified
1666,متانت,وقار، سنگینی,50,verified
1667,صاف طینت,پاک دل,50,verified
1668,معارک,جنگ ها,50,verified
1669,سیطره,تسلط,50,verified
1670,رایحه,بوی خوش,50,verified
1671,تقلیب کاری,تغییر دادن،تقلب کاری,50,verified
1672,مستغرق,فرو رفته در کاری یا فکر،غرق شده,50,verified
1673,کوایف,صفات،کیفیت ها,50,verified
1674,منهیه,پایان,50,verified
1675,رخسار,چهره,50,verified
1676,لغزش,اشتباه,50,verified
1677,جبین,پیشانی,50,verified
1678,مردود,رد شده,50,verified
1679,قضا,سرنوشت,50,verified
1680,متابعان,پیروان,50,verified
1681,فی البدیهه,بدون آمادگی،بصورت عاجل,50,verified
1682,طوفان آسا,شدید و سریع,50,verified
1683,گزند,آسیب و ضرر,50,verified
1684,ملون,رنگارنگ و متغیر,50,verified
1685,براق,درخشنده,50,verified
1686,متمول,ثروتمند,50,verified
1687,چنبرگردان,دنیای گردون، حلقه یا دایره,50,verified
1688,ملفوف,پیچیده شده,50,verified
1689,فرحت,شادی,50,verified
1690,سترگ,بزرگ و عظیم,50,verified
1691,برودت,سردی,50,verified
1692,احفاد,نوادگان,50,verified
1693,نقیصه,عیب و کاستی,51,verified
1694,ناگوار,ناخوشایند,51,verified
1695,تشیید,زیاد ساختن، محکم ساختن,51,verified
1696,مقدور,ممکن و شدنی،تعین شده,51,verified
1697,فرو گذاشت,رها کردن,51,verified
1698,معضله,مشکل,51,verified
1699,منسجم,هماهنگ و پیوسته,51,verified
1700,خوشکام,لذت بخش,51,verified
1701,معمر,کهن سال,51,verified
1702,اشاعت,انتشار،شایع شدن,51,verified
1703,آمیخته,ترکیب شده,51,verified
1704,عنقا,نایاب,51,verified
1705,اعطیه,بخشش ها,51,verified
1706,ادا فروشی,تظاهر به چیزی،ناز و تفاخر,51,verified
1707,خدعه,فریب,51,verified
1708,جدات,پدر و مادر کلان(آدم و حوا),51,verified
1709,مایه,اساس و پایه,51,verified
1710,تشنج,انقباض و گرفتگی عضلات،آشفتگی,51,verified
1711,فراق,جدایی,51,verified
1712,مرعی الاجرا,قابل اجراء,51,verified
1713,رجامندی,امیدواری،آروزمندی,51,verified
1714,بغرنج,پیچیده و مشکل,51,verified
1715,متعدی,تجاوزکار,51,verified
1716,سدود,موانع,51,verified
1717,لمحه,لحظه ای کوتاه,51,verified
1718,شمیم,بوی خوش,51,verified
1719,توحش,خشونت،وحشی گری,51,verified
1720,عتاب,سرزنش,51,verified
1721,دلقک,آدم مسخره,51,verified
1722,مقلد,کسیکه تقلید می کند,51,verified
1723,تتبعات,پیگیری ها,51,verified
1724,اتساع,گسترش,51,verified
1725,معتنابها,مهم، قابل اعتنا,51,verified
1726,نجاح,موفقیت,51,verified
1727,کبار,بزرگان,51,verified
1728,راهروی,پیروی,51,verified
1729,مستخلفین,جانشینان,51,verified
1730,نجباء,اشخاص شریف,51,verified
1731,نقباء,رهبران,51,verified
1732,ابدال,جانشینان معنوی,51,verified
1733,اوتاد,افراد با ایمان و ثابت قدم,52,verified
1734,اغواث,یاری دهندگان,52,verified
1735,اجرت,پاداش,52,verified
1736,نایل,دست یافته,52,verified
1737,پرتگاه,سقوط،جای سقوط,52,verified
1738,زعم,گمان,52,verified
1739,منحوس,بدشگون,52,verified
1740,حلول,ورود,52,verified
1741,پاکباز,ایثارگر,52,verified
1742,بروز,آشکار شدن,52,verified
1743,اباطیل,دروغ ها،باطل ها,52,verified
1744,مضایقه,دریغ کردن,52,verified
1745,موثق,معتبر,52,verified
1746,غلو,مبالغه,52,verified
1747,لابد,ناگزیر,52,verified
1748,اعجاز,معجزه,52,verified
1749,ممر,راه,52,verified
1750,سلسله جنبان,آغاز گران،ادعاداران,52,verified
1751,متانت,آرامش،بزرگی,52,verified
1752,مقر,جایگاه,52,verified
1753,ارتداد,خروج از اعتقادات,52,verified
1754,معلنین,اعلان کنندگان,52,verified
1755,نامرغوب,ناپسند,52,verified
1756,انهماک,غرق شدن در چیزی,52,verified
1757,مبغوض,مورد نفرت,52,verified
1758,انبار,محل ذخیره سازی,52,verified
1759,ند,هم سطح,52,verified
1760,پیش آهنگ,رهبر,52,verified
1761,شطارت,چالاکی,52,verified
1762,حواشی,پیرامون ها,52,verified
1763,کمایلیق,چنانچه شایسته است,52,verified
1764,امم,ملت ها,52,verified
1765,جامه,لباس,52,verified
1766,مستحیل,غیرممکن,52,verified
1767,لاجرم,ناچار,52,verified
1768,لاجرم,ناچار,52,verified
1769,سیار,متحرک,52,verified
1770,اتخاذ,گرفتن، انتخاب کردن,52,verified
1771,ماسی,باریک،نازک,52,verified
1772,متعفن,بدبو,52,verified
1773,متلاشی,نابود شده,52,verified
1774,مفارقت,جدایی,52,verified
1775,ایقاع,نسبت دادن,52,verified
1776,احجار,سنگ ها,52,verified
1777,لقاء,دیدار,52,verified
1778,کیش,دین,52,verified
1779,هیپنوتیزم,خواب آوری,52,verified
1780,آجال,مرگ ها,52,verified
1781,مداقه,بررسی دقیق,52,verified
1782,مندرج,درج شده،نوشته شده,52,verified
1783,مستحضر,آگاه,52,verified
1784,مألوف,آشنا، الفت گرفته,52,verified
1785,سکر,مستی,52,verified
1786,انقضاء,پایان یافتن,52,verified
1787,تکفین,کفن کردن,53,verified
1788,تدفین,دفن کردن,53,verified
1789,تخدیر,بی حس کردن,53,verified
1790,صحت مقال,درستی گفتار,53,verified
1791,مستمر,مداوم,53,verified
1792,براز,فضولات،غایظه,53,verified
1793,معرض,جای نمایش,53,verified
1794,هولناک,ترسناک,53,verified
1795,آگنده,پر شده,53,verified
1796,تداعی,یادآوری,53,verified
1797,مرغوب,مطلوب,53,verified
1798,شقی,بدبخت,53,verified
1799,مبهوت,حیرت زده،مات,53,verified
1800,سفسطه,استدلال فریبنده,53,verified
1801,شاذ,نادر,53,verified
1802,میثاق,عهد,53,verified
1803,مستور,پنهان,53,verified
1804,استشمام,بوییدن,53,verified
1805,مدهوش,بی خودی,53,verified
1806,واژگون,برعکس، سرنگون,53,verified
1807,هول,ترس,53,verified
1808,مامول,مطلوب,53,verified
1809,تلبیس,فریب دادن,53,verified
1810,درخور,شایسته,53,verified
1811,خلال,درمیان،جریان,53,verified
1812,تسوید,نوشتن,53,verified
1813,استفاضه,فیض گرفتن,53,verified
1814,عیان,آشکار,53,verified
1815,حضار,حاضران,53,verified
1816,هرهد,چرخ چوبی آبی,53,verified
1817,تسلسل,پیوستگی,53,verified
1818,موجد,ایجاد کننده,53,verified
1819,فضله,مواد اضافی,53,verified
1820,صرفیات,چیزهای قابل استفاده,53,verified
1821,چلند,قابل چلش،روان بودن,53,verified
1822,مد و جزر,آب دریا و بالا و پاین آمدن آن,53,verified
1823,بحور,بحر,53,verified
1824,انجامه,پایان,53,verified
1825,شرارت,بدی ها,53,verified
1826,جنان,جنت ها,53,verified
1827,تسهیل,سهولت,53,verified
1828,مظاهر,نشانه ها,53,verified
1829,مستدام,همیشگی،دوامدار,53,verified
1830,بسیط,گسترده,53,verified
1831,رطوبت,تر شدن,54,verified
1832,تبدلات,تغیرات,54,verified
1833,مسامات,سوراخ های کوچک,54,verified
1834,منحل,حل شدن,54,verified
1835,اثمار,میوه ها,54,verified
1836,مباح,روا,54,verified
1837,اکل,خوردن,54,verified
1838,اشجار,درختان,54,verified
1839,زیست,زندگی کردن,54,verified
1840,کوشان,تلاشگر، سعی,54,verified
1841,رادمردی,جوانمردی,54,verified
1842,سرمد,همیشه و جاویدان,54,verified
1843,ملاقی,روبرو شدن,54,verified
1844,ارض,زمین,54,verified
1845,آوان,هنگام,54,verified
1846,اتخاذ,گرفتن,54,verified
1847,صانع,سازنده,54,verified
1848,مصنوع,مخلوق، ساخته شده,54,verified
1849,نندارتون,نمایشگاه,54,verified
1850,سراچه,سرای کوچک,54,verified
1851,پرتو,شعاع,54,verified
1852,مبرهن,دلیل،روشن،واضح کننده,54,verified
1853,اقتفا,پیروی,54,verified
1854,تثبیت,ثابت گردانیدن,54,verified
1855,علوفه,علف ها,54,verified
1856,سرگین,مواد فضله حیوانات,54,verified
1857,جرم,جسم,54,verified
1858,شمس,آفتاب,54,verified
1859,آتی الذکر,ذیل،یاد شده,54,verified
1860,مزید,زیاد,54,verified
1861,تعلق,ارتباط,54,verified
1862,ابوین,پدر و مادر,54,verified
1863,خوانین,خان ها,54,verified
1864,خراج,خرج کننده,54,verified
1865,صراف,سوداگر پول,54,verified
1866,ماکولات,خوراکه ها,54,verified
1867,ملبوسات,پوشاک,54,verified
1868,عقارب,عقرب ها، گژدم ها,54,verified
1869,محفظه,جای نگهداری کردن,54,verified
1870,انموذج,نمونه,54,verified
1871,ایفاء,انجام دادن,54,verified
1872,خوف,ترس,54,verified
1873,مطلوب,خواسته،مد نظر,54,verified
1874,مورث,ارث گذارنده،حاصل,54,verified
1875,عبث,بیهوده,54,verified
1876,غایه,هدف,54,verified
1877,مبتدی,شروع کننده,54,verified
1878,منتهیان,به انتها رسیدگان,54,verified
1879,منطوی,خلاصه شدن,54,verified
1880,غریزه,فطرت، سرشت,54,verified
1881,اطفاء,فرونشاندن,55,verified
1882,جمال,زیبایی,55,verified
1883,موحدین,یکتا پرستان,55,verified
1884,بصر,دید,55,verified
1885,بغرنج,سخت و مشکل,55,verified
1886,دغل,مکر و حیله,55,verified
1887,ضلال,گمراه,55,verified
1888,کنوز,گنجینه ها,55,verified
1889,ملالت,سرزنش و نکوهش,55,verified
1890,چیره دستی,مهارت،چالاکی,55,verified
1891,مسخر,تسخیر شده,55,verified
1892,سیار,رونده,55,verified
1893,مرئی,قابل دید,55,verified
1894,ذریعه,وسیله,55,verified
1895,مصرحات,آشکارا،دلایل,55,verified
1896,مامول,آرزو شده,55,verified
1897,تعمیم,عام ساختن، فراگیر,55,verified
1898,فاتح,فتح کننده,55,verified
1899,نشیب و فراز,پستی و بلندی ها,55,verified
1900,تقریر,گفتن,55,verified
1901,تحریر,نوشتن,55,verified
1902,گزاف,بیهوده,55,verified
1903,مسرور,شادمان،خوشحال,55,verified
1904,محمول,بار حمل شده,55,verified
1905,مفارقت,جدایی,55,verified
1906,بلاقیمت,بدون قیمت,55,verified
1907,فاش,آشکار,55,verified
1908,مرسله,فرستنده,55,verified
1909,جوارح,اعضای بدن,55,verified
1910,بادی,جسم,55,verified
1911,جرح,خستگی,55,verified
1912,آلام,درد ها,55,verified
1913,ناشره,پخش و نشر کننده,55,verified
1914,اشترنگ Steering,فرمان،جلو,55,verified
1915,معمر,پیر,55,verified
1916,اکراه,جبر,55,verified
1917,رکن,اصل,55,verified
1918,محصور,احاطه شده,55,verified
1919,درایت,هوشیاری,55,verified
1920,چکیده,خلاصه،فشرده,55,verified
1921,اعطیه,تحفه,55,verified
1922,تجلی,ظاهر و آشکار کردن,55,verified
1923,تکلف,رنج بر خود نهادن,55,verified
1924,ادنا,پایین,55,verified
1925,بقا,باقی،دوام آوردن,55,verified
1926,فربهی,چاقی,55,verified
1927,ممتد,دراز,55,verified
1928,مثابه,منزلت،جایگاه,55,verified
1929,مَزَنه,خاصیت و چگونگی,55,verified
1930,انمایی,نمو کننده،بزرگ شونده,56,verified
1931,جنون,دیوانگی,56,verified
1932,وفور,زیادت,56,verified
1933,امحاء,محو کردن,56,verified
1934,مشهود,حاضر،دیدنی,56,verified
1935,اسلاف,گذشتگان,56,verified
1936,وهم,خیالات,56,verified
1937,متصف,وصف شده,56,verified
1938,احجار,سنگ ها,56,verified
1939,حبس,زندان,56,verified
1940,اقارب,نزدیکان,56,verified
1941,مقوی,قوت دهنده,56,verified
1942,چارج Charge,نیرو گرفتن,56,verified
1943,معهود,عهد شده،وعده شده,56,verified
1944,سرآمد,بهتر,56,verified
1945,بیت الخلا,تشناب،دستشویی,56,verified
1946,جهر,آشکار،بلند,56,verified
1947,خفیه,پنهان،آرام,56,verified
1948,مصایب,مشکلات,56,verified
1949,حقوق العبد,حقوق بندگان خدا,56,verified
1950,محرک,تحریک کننده،عامل,56,verified
1951,اقوال,گفتار,56,verified
1952,طیران,پرواز کردن,56,verified
1953,غور,دقت,56,verified
1954,اکرام,گرامی داشتن,56,verified
1955,محموله,آنچه از جای به جای برده شود،بار,56,verified
1956,مهار,رام ساختن,56,verified
1957,کدرانی,تاریکی,56,verified
1958,اماره,بسیار امر کننده,56,verified
1959,لوامه,سرزنشگر،ملامت کننده,56,verified
1960,اماره,بسیار امر کننده,56,verified
1961,قهقرایی,به عقب برگشتگی,56,verified
1962,سمپاشی,پاشیدن زهر و سم,56,verified
1963,الوان,رنگ ها,56,verified
1964,اطعمه,خوراکی ها,56,verified
1965,البسه,لباس ها,56,verified
1966,غلاف,پوشش,56,verified
1967,ابوالخیر,پدر نیکی ها,56,verified
1968,حریق,آتش، سوختاندن,56,verified
1969,انلارجگر,بزرگ کننده,57,verified
1970,ممثل,تمثیل کننده،اکت کننده,57,verified
1971,خبائث,فساد و بدی ها,57,verified
1972,وایکنگ,جنگجو,57,verified
1973,عطشاء,تشنه گان,57,verified
1974,لاله وان,سرگردان,57,verified
1975,جمع و غند,گرد آوردن،جمع کردن,57,verified
1976,ته پایه,اساس,57,verified
1977,تقلیب,برگردانیدن،تبدیل,57,verified
1978,کوایف,کیفیت ها،خواص,57,verified
1979,کنه,حقیقت،اصل,57,verified
1980,لایزال,پایدار، جاوید,57,verified
1981,مجال,فرصت,57,verified
1982,عنقا,کمیاب,57,verified
1983,منقش,نقش کرده شده,57,verified
1984,گهربار,ارزنده,57,verified
1985,مخیله,خیال,57,verified
1986,مرغوب,مطلوب،خوشایند,57,verified
1987,حظ,لذت بردن,57,verified
1988,تاسی,پیروی,57,verified
1989,فنا,نابود شونده,57,verified
1990,از فرط,از زیادی، از کثرت,57,verified
1991,مبهوت,حیران,57,verified
1992,مکدر,تاریک,57,verified
1993,مباهات,بالیدن,57,verified
1994,دخنه,گودال تاریک، تیرگی,57,verified
1995,موعود,وعده شده,57,verified
1996,تمسک,چنگ زدن,57,verified
1997,توشه,ذخیره,57,verified
1998,معطوف,توجه,57,verified
1999,صغرا,کوچک,57,verified
2000,تهی,خالی,57,verified
2001,اعزه,بزرگواران،صاحبان عزت,57,verified
2002,کبرا,بزرگ,57,verified
2003,تسهیلات,آسان گردانیدن,57,verified
2004,مضمر,نهان,57,verified
2005,هولناک,وحشت ناک,57,verified
2006,انقضاء,انتهاء,57,verified
2007,وجیه,زیبا,57,verified
2008,بایست,ضرور،باید,57,verified
2009,تمثیل,مثال آوردن,57,verified
2010,تخلخل,قطع شدن,57,verified
2011,تسخیر,احاطه داشتن,57,verified
2012,انقلاب,تغییر,57,verified
2013,طباعت,طبع و چاپ کردن،چاپگری,57,verified
2014,ابناء,اولاد بشر,57,verified
2015,متعذر,ناممکن، عذر,58,verified
2016,مضبوط,محفوظ,58,verified
2017,مدهشتر,دهشت بار تر،وحشتناک تر,58,verified
2018,دُوَل,دولت ها,58,verified
2019,وفرط,فراوانی،زیادی,58,verified
2020,دغاء,نادرست,58,verified
2021,بی حد و قیاس,بی اندازه,58,verified
2022,التصاق,چسبیدن,58,verified
2023,بطی,کُ ند,58,verified
2024,صدد,در پی کاری شدن,58,verified
2025,کالبد,جسم,58,verified
2026,ثقل,سنگینی,58,verified
2027,صور,صورت ها,58,verified
2028,حل و حرمت,حلال و حرام,58,verified
2029,منصوب,نصب شده. گماشته شده.,58,verified
2030,زمره,گروه,58,verified
2031,نامرغوب,نامطلوب,58,verified
2032,استحباب,به طور اختیاری,58,verified
2033,مبدا,شروع,58,verified
2034,مادونان,زیردستان,58,verified
2035,همنوایی,هماهنگی، موافقت,58,verified
2036,حی,زنده,58,verified
2037,فقدان,نبود,58,verified
2038,شرب,نوشیدن,58,verified
2039,حَر,حرارت,58,verified
2040,برَد,سردی,58,verified
2041,طرق,راه,58,verified
2042,پس منظر,دورنما,58,verified
2043,طراز,مرتبه,58,verified
2044,خبث,پلیدی، بدی,58,verified
2045,استرخا,سستی، خواب آلودگی,58,verified
2046,قلت,کمی,58,verified
2047,حظوظ,لذت ها,58,verified
2048,ملاعبت,بازی و شوخی,58,verified
2049,بعید,دور,58,verified
2050,وجه من الوجوه,به شکلی از اشکال,58,verified
2051,مستقر,ساکن,58,verified
2052,تخویف,ترساندن,58,verified
2053,مهیج,پر شور،هیجان آور,58,verified
2054,غلیان,جوشش,58,verified
2055,نخوت,خود بزرگ بینی، تکبر,58,verified
2056,مقرون,نزدیک,58,verified
2057,فرح,شادمانی,58,verified
2058,بغض,دشمنی,58,verified
2059,نمامی,سخن چینی,59,verified
2060,مولدین,تولید کنندگان,59,verified
2061,مسکر,مستی آور،نشه آور,59,verified
2062,کامرانی,نیک بختی,59,verified
2063,اختلاط,آمیختن,59,verified
2064,مساعی,کوشش,59,verified
2065,نکته سنج,دقت کننده،زیرک,59,verified
2066,سیطره,تسلط,59,verified
2067,سیطره,حاکمیت,59,verified
2068,منطوی,خاتمه یافته،ختم شونده,59,verified
2069,ماهیت,چیستی,59,verified
2070,رخت,لباس,59,verified
2071,نصب العین,مدنظر،هدف,59,verified
2072,مجانین,دیوانگان,59,verified
2073,غباوت,کندی ذهن,59,verified
2074,واهی,پوچ،خیالی,59,verified
2075,جیفه,مال،لاشه,59,verified
2076,بذل,بخشیدن,59,verified
2077,مأوای,پناهگاه,59,verified
2078,معیشت,زندگی، امرار معاش,59,verified
2079,مضرت,ضرر,59,verified
2080,خسران,زیان,59,verified
2081,ممد,یاری دهنده,59,verified
2082,مفرح,شادی بخش,59,verified
2083,تفوق,برتری طلبی,59,verified
2084,نفخه,باد,59,verified
2085,صور,بانگ، صدا,59,verified
2086,بلیات,رنج و سختی ها,59,verified
2087,آفات,مشکلات,59,verified
2088,ممات,مرگ,59,verified
2089,سجن,زندان,59,verified
2090,حمالی,بارکشی،جوالی گری,59,verified
2091,طالح,بدکار و فاسد,59,verified
2092,سلف,گذشتگان,60,verified
2093,سانسور,نظارت و حذف محتوا,60,verified
2094,ملغی,لغو شده,60,verified
2095,نکوهش,سرزنش,60,verified
2096,اشاعت,انتشار،شایع ساختن,60,verified
2097,معرکه,میدان نبرد,60,verified
2098,ژرف,عمیق,60,verified
2099,مبرم,ضروری,60,verified
2100,ایجاز,فشرده گویی,60,verified
2101,معروضه,ارائه شده,60,verified
2102,صحیفه,کتاب،رساله,60,verified
2103,سترگ,بزرگ,60,verified
2104,تنیده,درهم پیچیده,60,verified
2105,متبحر,بسیار دانا,60,verified
2106,اهتمام,توجه و تلاش,60,verified
2107,عبث,بیهوده,60,verified
2108,مانور,نمایش نظامی,60,verified
2109,مفلس,فقیر,60,verified
2110,اکتساب,فراگیری،بدست آوردن,60,verified
2111,رمق,قوت و توان، نَفَس,60,verified
2112,منوال,روش و شیوه,60,verified
2113,غش و غل,خیانت,60,verified
2114,دغل,فریب,60,verified
2115,مرتد,بی دین,60,verified
2116,سلاطین,پادشاهان,60,verified
2117,زهدِبارد,تقوای سرد و خشک،بی مزه و نمایشی,60,verified
2118,بارد,سرد,60,verified
2119,حسین,زیبا,60,verified
2120,وجیه,دارای چهره زیبا,60,verified
2121,کریه المنزر,زشت چهره,60,verified
2122,قبیح,زشت,60,verified
2123,غباوت,کودنی، نادانی,60,verified
2124,موقن,باورمند,60,verified
2125,فرسخ,واحد اندازه گیری مساحت,60,verified
2126,صغارت,کوچکی,60,verified
2127,تعمیل,عمل کردن،بجا آوردن,60,verified
2128,بدسگالی,بد بختی، بد نهادی,61,verified
2129,رقیق القلب,دل نازک,61,verified
2130,مستدل,دارای دلیل،با ثبوت,61,verified
2131,علت العلل,دلیل اصلی,61,verified
2132,مکنونات,چیزهای پنهان,61,verified
2133,آجل,دیرتر,61,verified
2134,عاجل,فوری,61,verified
2135,کون و مکان,جهان و همه کاینات,61,verified
2136,عیان,آشکار,61,verified
2137,نهان,پنهان,61,verified
2138,مغایرات,تفاوت ها,61,verified
2139,اثاث البیت,لوازم خانه,61,verified
2140,بسیط,ساده,61,verified
2141,دودمان,خاندان,61,verified
2142,مبادی,اصول،اساسات,61,verified
2143,مطمح,منظور،مقصود,61,verified
2144,شیادی,فریبکاری,61,verified
2145,سرُور,خوشحالی,61,verified
2146,محالات,غیر ممکنات,61,verified
2147,کُنه,حقیقت اصلی، ذات,61,verified
2148,شگرف,شگفت انگیز,61,verified
2149,وادی,دره,61,verified
2150,غواصان,جستجوگران در اعماق بحرها,61,verified
2151,بیکران,بی پایان,61,verified
2152,نحیفی,ضعف و لاغری,61,verified
2153,ملوث,آلوده,61,verified
2154,ورطه,پرتگاه، خطر,61,verified
2155,گَرگین,چرک آلود،گرَگی,61,verified
2156,پوستین,لباس چرمی و پشمی,61,verified
2157,خرقه,لباس صوفیان,61,verified
2158,شوریده سر,آشفته و بی قرار,61,verified
2159,کِسوَت,لباس,61,verified
2160,خوض,فرو رفتن در مسئله ای،غور و دقت عمیق,61,verified
2161,محنت,سختی و رنج,61,verified
2162,وجیبه,وظیفه,61,verified
2163,کنوز,گنج ها,61,verified
2164,ازمنه,زمانها، دوران,61,verified
2165,ابوالبشر,نخستین انسان، آدم,61,verified
2166,بیشه ها,جنگل ها,61,verified
2167,دستخوش,گرفتار,61,verified
2168,مستلزم,نیازمند,61,verified
2169,تازیانه,شلاق,61,verified
2170,انتباه,بیداری,61,verified
2171,مُقر,اقرار و اعتراف کننده,61,verified
2172,وحوش,حیوانات وحشی,61,verified
2173,تلذذ,لذت بردن,61,verified
2174,مایملک,دارایی ها,62,verified
2175,معمور,آباد,62,verified
2176,تعیش,زندگی کردن,62,verified
2177,قیادت,رهبری,62,verified
2178,وافی,کامل,62,verified
2179,عسرت,سختی,62,verified
2180,کاهکش,کارگر فقیر,62,verified
2181,ریسیدن,بافتن نخ,62,verified
2182,مملوکات,دارایی ها,62,verified
2183,عام وتام,گسترده و کامل,62,verified
2184,اکراه,ناچاری و مجبوری,62,verified
2185,مقتضا,خواست،نیاز،لازمه,62,verified
2186,محصور,محدود,62,verified
2187,تمایزپیشگی,تبعیض،فرق قایل شدن,62,verified
2188,عیار,جوان مرد,62,verified
2189,فاحش,آشکار,62,verified
2190,مکنون,پنهان,62,verified
2191,الیق,شایسته و لایق تر,62,verified
2192,جبیره,جبران,62,verified
2193,مسالک,روش ها,62,verified
2194,سجایا,خصلت ها,62,verified
2195,تقبیح,نکوهش,62,verified
2196,اجانب,بیگانگان,62,verified
2197,قصور,کوتاهی,62,verified
2198,آنی,فوری,62,verified
2199,تعمیم,عام ساختن، گسترش,62,verified
2200,تدابیر,راهکارها,62,verified
2201,گیرودار,درگیری,62,verified
2202,سفاک,خون ریز,62,verified
2203,زهی,چه عالی,62,verified
2204,دهریون,منکران آخرت,62,verified
2205,وهله,مرحله,62,verified
2206,متاع,کالا,62,verified
2207,معبر,راه گذر,62,verified
2208,متروک,رها شده,62,verified
2209,ودیعت,سپرده،قرض,62,verified
2210,شرنگ و ترنگ,تلخی و شیرینی,62,verified
2211,سفاهت,حماقت,62,verified
2212,معتنابها,قابل توجه,62,verified
2213,ملبس,لباس پوشیده,62,verified
2214,جثه,بدن,62,verified
2215,هیولا,موجود ترسناک,62,verified
2216,قلاده,بند گردن، زنجیر حیوانات,62,verified
2217,ذی الروح,موجود زنده,62,verified
2218,انموذج,نمونه,62,verified
2219,مساس,تماس,62,verified
2220,دولت سرا,قصر،نعمت بزرگ,62,verified
2221,دنائت,پستی,62,verified
2222,اباحت,جواز,62,verified
2223,اصدار,صادر کردن,62,verified
2224,مضایقه,تنگی،سختی,62,verified
2225,سوق,هدایت,62,verified
2226,بلعیده,فرو خورده,63,verified
2227,متسم,ملقب,63,verified
2228,چاپیدن,غارت کردن,63,verified
2229,تشنیع,بدگویی,63,verified
2230,شمه,اندک,63,verified
2231,دخنه,تاریکی،سیاه چاله،تیره گی,63,verified
2232,فتن,فتنه ها، شورش,63,verified
2233,معروض,ارائه شده,63,verified
2234,ماه پیکر,زیبا و مقبول,63,verified
2235,زاد و بوم,میهن، سرزمین,63,verified
2236,تیمارداری,مراقبت,63,verified
2237,دایگان,پرستاران,63,verified
2238,مه لقا,زیبا چهره،ماه روی,63,verified
2239,جانکاه,غم انگیز,63,verified
2240,دیار,سرزمین,63,verified
2241,راهبر,رهبر,63,verified
2242,بدمست,فرد دائم الخمر،فاسق,63,verified
2243,تخصیص,اختصاص دادن,63,verified
2244,چیره دست,ماهر,63,verified
2245,مه پاره,زیبارو،پاره یی از ماهتاب,63,verified
2246,شوریده سر,دیوانه،آشفته,63,verified
2247,هنگامه,غوغا,63,verified
2248,رشک,حسادت، غبطه,63,verified
2249,سوز و گداز,اندوه و رنج شدید,63,verified
2250,منادی,ندا دهنده,63,verified
2251,جارچی,کسیکه خبر اعلام می کند,63,verified
2252,زر,طلا، ثروت,63,verified
2253,مایملک,دارایی,63,verified
2254,وصال,رسیدن,63,verified
2255,دل فگار,دل شکسته، غمگین,63,verified
2256,سیمین بر,شخصی با بدن زیبا,63,verified
2257,سرشک,اشک,63,verified
2258,شیون,ناله,63,verified
2259,المناک,دردناک,63,verified
2260,تراژیدی,واقعه غم انگیز,63,verified
2261,رقت بار,دردناک,63,verified
2262,سوز و الم,درد و رنج,63,verified
2263,گلعذار,زیباروی,63,verified
2264,ایجابات,نیازها,63,verified
2265,علی الصباح,صبح زود,63,verified
2266,غفیر,بسیار,63,verified
2267,سرسام,پریشانی,63,verified
2268,بددماغ,بدخلق,63,verified
2269,چسان,چگونه,63,verified
2270,محق,حقدار، سزاوار,63,verified
2271,موازنه,تعادل,63,verified
2272,بی شبهه,بدون تردید,64,verified
2273,مالامال,پر، مملو,64,verified
2274,کمایی,بدست آوردن,64,verified
2275,نیم بند,ناقص,64,verified
2276,پیکار,جنگ,64,verified
2277,توسع,گسترش,64,verified
2278,مذلت,خواری,64,verified
2279,نافرجام,بی نتیجه,64,verified
2280,قِبال,در برابر,64,verified
2281,نعره,فریاد,64,verified
2282,جسیم,بزرگ,64,verified
2283,استفسار,پرسش,64,verified
2284,مستوجب,سزاوار,64,verified
2285,عقاب,مجازات,64,verified
2286,کاسل,سست,64,verified
2287,اِباء,امتناع،خودداری,64,verified
2288,دُر,مروارید,64,verified
2289,مشک,عطر,64,verified
2290,عنبر,عطر خوشبو,64,verified
2291,مالایطاق,تحمل ناپذیر,64,verified
2292,زفاف,شب ازدواج,64,verified
2293,جلادت,شجاعت,64,verified
2294,ربودن,دزدیدن,64,verified
2295,سقم,بیماری,64,verified
2296,طمطراق,شکوه، جلال,64,verified
2297,دل آرا,زیبا,64,verified
2298,تذکار,یادآوری,64,verified
2299,ابنا,فرزندان,64,verified
2300,غرا,برجسته,64,verified
2301,نهج,روش,64,verified
2302,مقاتله,جنگیدن,64,verified
2303,شیشه دلان,عاشقان حساس,64,verified
2304,زبردست,قوی,64,verified
2305,کحل سلیمانی,مادهی دید چشم افزای,64,verified
2306,رایحه,بوی خوش,64,verified
2307,پهرادار,نگهبان,64,verified
2308,پرس و چون,تحقیق و بررسی,64,verified
2309,کر و فر,شکوه و جلال,64,verified
2310,سراغ,جستجو,64,verified
2311,فروغ,نور,64,verified
2312,سررشته,کنترل,64,verified
2313,تجبر,تکبر,64,verified
2314,افسون,جادو,64,verified
2315,تلبیسات,فریب,64,verified
2316,قحبه خصلت,بد خصلت,64,verified
2317,بی باک,شجاع,64,verified
2318,گل چهره,زیبا رو,64,verified
2319,زمن,وقت ها،زمانها,64,verified
2320,آرمیدن,آرامش,64,verified
2321,معاندت,دشمنی,64,verified
2322,تشدد,سخت گیری,64,verified
2323,خون آشام,بی رحم,64,verified
2324,من وجه,از یک جهت,64,verified
2325,ستیز,نبرد,64,verified
2326,اصرار,پافشاری,65,verified
2327,الحاح,پافشاری,65,verified
2328,خصال,صفات,65,verified
2329,لابه,التماس، خواهش,65,verified
2330,وقع,قدر،توجه,65,verified
2331,تیره بخت,بدبخت,65,verified
2332,دل ربا,زیبا,65,verified
2333,تمثال,تصویر,65,verified
2334,انباز,شریک,65,verified
2335,اضداد,دشمنان,65,verified
2336,تجسم,تجلی، تصویری شدن,65,verified
2337,شرم سار,خجالت زده,65,verified
2338,غدار,خائن,65,verified
2339,اشد,شدید تر,65,verified
2340,اضعاف,چندین برابر,65,verified
2341,مضاعف,دوچندان,65,verified
2342,مرتبت,مقام,65,verified
2343,دلآویز,جذاب,65,verified
2344,حب,محبت,65,verified
2345,برائت,بی گناهی,65,verified
2346,ستبری,ضخامت،قوی بودن/شدن,65,verified
2347,خروار,مقدار زیاد,65,verified
2348,تعبیه,جا دادن,65,verified
2349,سیاق,روش,65,verified
2350,هیئت,شکل,65,verified
2351,نخل,درخت خرما,65,verified
2352,نوا,آهنگ,65,verified
2353,لئیم,پست فطرت,65,verified
2354,انشراح,گشایش,65,verified
2355,منتظم,مرتب,65,verified
2356,کتم عدم,نهانگاه نیستی،هیچ نبودن,65,verified
2357,آتی,آینده،ذیل,65,verified
2358,مشیمه,رحم مادر,65,verified
2359,تسویه,برابری,65,verified
2360,انلارج,بزرگتر کردن,65,verified
2361,هیکل,جسم، اندام,65,verified
2362,بخمل,نرم و لطیف,65,verified
2363,مواصل,ارتباط,65,verified
2364,انجامه,پایان,65,verified
2365,انلارج,بزرگتر کردن,65,verified
2366,پرما,برمه,65,verified
2367,ملال,خستگی,65,verified
2368,قبا,پوشش,65,verified
2369,شعبده,تردستی،نظر بندی,65,verified
2370,دیانت شعاری,ادعای دین داری,65,verified
2371,متصف,وصف شده، مشخص,65,verified
2372,همقران,هم رتبه،همسن,65,verified
2373,افق,چشم انداز,65,verified
2374,مجاز اندیشی,ندیدن حقیقت و مصروف شدن به مجاز,66,verified
2375,امناء,امامان، سرپرستان,66,verified
2376,باب,دروازه,66,verified
2377,جوز و مایجوز,مجاز است و مجاز نیست,66,verified
2378,ناظر,مشاهده کننده,66,verified
2379,تایب,توبه کننده,66,verified
2380,مکافات,پاداش یا مجازات,66,verified
2381,نقیصه,نقص,66,verified
2382,نص,متن صریح,66,verified
2383,بذل,بخشش,66,verified
2384,مصاف,نبرد,66,verified
2385,دریغ,خود داری,66,verified
2386,اندیشه ناک,نگران,66,verified
2387,مربوطین,وابستگان,66,verified
2388,اعتنا,توجه,66,verified
2389,سبحه,تسبیح,66,verified
2390,ادعیه,دعاها,66,verified
2391,زواید,اضافات,66,verified
2392,مورث,به ارث داده شده، سبب,66,verified
2393,مستدل,استدلال شده,66,verified
2394,شبهات,تردیدها,66,verified
2395,مشبوه,مشکوک,66,verified
2396,کراهیت,ناپسند بودن,66,verified
2397,تجسس,جستجو,66,verified
2398,کفاف,کافی بودن,66,verified
2399,بیع,خرید و فروش,66,verified
2400,انسال,نسل ها,66,verified
2401,منشور,نوشته رسمی,66,verified
2402,مبادرت,آغاز کردن,66,verified
2403,شریر,بدکار,66,verified
2404,رکیک,ناپسند،زشت,66,verified
2405,تساهل,آسان گیری,66,verified
2406,درشت رو,خشن,66,verified
2407,مداحی,ستایش,66,verified
2408,تنقید,نقد,66,verified
2409,شئونات,جوانب،بخش ها,66,verified
2410,افترا,تهمت,66,verified
2411,بیع,خرید و فروش,66,verified
2412,خوان,سفره,66,verified
2413,تأدیب,اصلاح,66,verified
2414,مزبله,زباله دان,66,verified
2415,عُشرعشیر,بخش کوچکی (یک فیصد),66,verified
2416,منسوخ,لغو شده,67,verified
2417,ایراد,اعتراض,67,verified
2418,جروح,زخم ها,67,verified
2419,آلام,درد ها,67,verified
2420,التیام,شفاء,67,verified
2421,اوجاع,درد ها,67,verified
2422,شمع لا مع,روشنایی دهنده،درخشان,67,verified
2423,انشعاب گری,تفرقه اندازی,67,verified
2424,مستحضر,آگاه,67,verified
2425,بدو,آغاز,67,verified
2426,بطلان,نابودی,67,verified
2427,قلعوقمع,سرکوب,67,verified
2428,پرنایره,شعله ور,67,verified
2429,عار,ننگ,67,verified
2430,خنثا,بی اثر,67,verified
2431,هرج و مرج,بی نظمی,67,verified
2432,لایتجزا,جدا نشدنی,67,verified
2433,اخوت,برادری,67,verified
2434,تقیُد,تعهد در قید بودن,67,verified
2435,شقاق,نا سازگاری،مخالفت,67,verified
2436,رشید,عاقل و به رشد رسیده,67,verified
2437,کیاست,زیرکی,67,verified
2438,لاقیدی,بی توجهی,67,verified
2439,فحاشی,بدزبانی,67,verified
2440,عیاشی,خوش گذرانی,67,verified
2441,بی درنگ,فوری،بی فکر و تأمل,67,verified
2442,تنزیل,فرود آمدن،پاین شدن,67,verified
2443,امساک,خود داری,67,verified
2444,سبیل,راه,67,verified
2445,خبث,ناپاکی,67,verified
2446,ترسگاری,تقوا,67,verified
2447,مشتهی الیه,مورد اشتیاق،مورد نظر,67,verified
2448,مصاحبین,همراهان,67,verified
2449,سیال داری,رقابت,67,verified
2450,نسیه,به تأخیر افتاده،قرض,67,verified
2451,موجر,اجاره دهنده,67,verified
2452,مفتی بها,فتوا داده شده به آن,67,verified
2453,انما,نمو و رشد کردن,67,verified
2454,متأخرین,آیندگان,67,verified
2455,متقدمین,گذشتگان,67,verified
2456,استحصال,بدست آوردن,67,verified
2457,ممات,مرگ,67,verified
2458,عشرت,خوشی,67,verified
2459,عسرت,سختی,67,verified
2460,لیَتولعََل,ای کاش، آیا,67,verified
2461,تکدی,گدایی,67,verified
2462,رجحان,برتری دادن,67,verified
2463,دخنه,دود، غبار،تاریکی,67,verified
2464,مشبوه الحال,مشکوک,68,verified
2465,سُمعه,ریا، از کارخیر خود نزد دیگران یاد کردن به صورت ریا.,68,verified
2466,راکد,بی حرکت,68,verified
2467,مستمع,شنونده,68,verified
2468,مشحون,پر، مملو,68,verified
2469,مبادرت,شتاب و عجله کردن,68,verified
2470,محقر,کوچک,68,verified
2471,اهانت,بی احترامی,68,verified
2472,مغمومیت,اندوه,68,verified
2473,کفره,کافران,68,verified
2474,لالهوان و سرگردان,بی پناه,68,verified
2475,زایل,نابود,68,verified
2476,اعاشه,معیشت، زندگی,68,verified
2477,فجور,فساد، گناه,68,verified
2478,رفاهیت,راحتی، آسایش,68,verified
2479,ایضاح,توضیح,68,verified
2480,حق الزحمه,دستمزد,68,verified
2481,گذاره,گذران,68,verified
2482,بری الذمه,کسیکه مسئولیتی ندارد,68,verified
2483,لب لباب,اصل مطلب,68,verified
2484,طعن و لعن,سرزنش و نفرین,68,verified
2485,فجایع,بلاها,68,verified
2486,دمار,نابودی,68,verified
2487,کِهومِه,افراد مختلف (خورد و بزرگ),68,verified
2488,چلاسی,دورویی,68,verified
2489,دیدهدرایی,بی شرمی,68,verified
2490,مختوم,خاتمه یافته,68,verified
2491,غربا,غریبان,68,verified
2492,حوایج,نیازها,68,verified
2493,نقیض,ضد,68,verified
2494,مغایرت,تضاد,68,verified
2495,زار و نزار,ضعیف و بی حال,68,verified
2496,وعید,تهدید,68,verified
2497,دفینه,گنج پنهان,68,verified
2498,معطی,دهنده,68,verified
2499,تأدیه,پرداخت,68,verified
2500,اغیار,بیگانگان,68,verified
2501,تواتر,پیوستگی,68,verified
2502,منال,مال و ثروت,68,verified
2503,مستقبلین,آینده نگران,68,verified
2504,فجیعه,مصیبت,68,verified
2505,دراک,هوشیار,69,verified
2506,مرموز,راز دار،پنهان,69,verified
2507,سرگشاده,معلوم،مشخص,69,verified
2508,مستلزم,لازمی,69,verified
2509,مبادرت,شتاب کردن,69,verified
2510,منوال,طریقه,69,verified
2511,حرب,جنگ,69,verified
2512,تقلیب,تبدیل شدن,69,verified
2513,ارضی,زمینی,69,verified
2514,اباحت,حلال کردن,69,verified
2515,قیودات,مقررات,69,verified
2516,استراتیژی,راهبرد،پلان و برنامه عملی کردن آن,69,verified
2517,عطالت,بیکاری،تنبلی,69,verified
2518,متواتر,دوامدار، به طور پیگیر,69,verified
2519,غباوت ذهن,کندی ذهن,69,verified
2520,منکوبی,سرکوبی,69,verified
2521,ذی صلاح,صلاحیتدار,69,verified
2522,غدر,فریب، حیله,69,verified
2523,عُمال,کارکنان,69,verified
2524,مبرز,بیت الخلاء،تشناب,69,verified
2525,بایر,زمین خشک و کشت نشده,69,verified
2526,استعانت,یاری و کمک خواستن,69,verified
2527,منوط,مربوط,69,verified
2528,شتی,کار های پراکنده,69,verified
2529,شعبده,ترفند,69,verified
2530,اجانب,بیگانگان,69,verified
2531,آستانه,آغاز، نزدیکی,69,verified
2532,مبادی,اساس، تهداب,69,verified
2533,حدقه,مردمک چشم,69,verified
2534,ارجدار,ارزشمند,69,verified
2535,خلال,در میان,69,verified
2536,سدود افزائی,افزایش موانع,69,verified
2537,اغراض,خواست ها,69,verified
2538,پرخاش,جنگ,69,verified
2539,افتراء,تهمت,69,verified
2540,هتک حرمت,توهین,69,verified
2541,انهار,جویبار ها,69,verified
2542,مضبوط,منظم,69,verified
2543,عمامه,دستار,69,verified
2544,کاسل,تنبل و سست,69,verified
2545,اباطیل,باطل ها,69,verified
2546,زمه,ضمانت,69,verified
2547,ناسفته,دست نخورده,70,verified
2548,روحانیون,علماء,70,verified
2549,قلیل,کم,70,verified
2550,جام,ظرف,70,verified
2551,میگر megar,آله سنجش چیزی,70,verified
2552,مستحضر,واقف، باخبر,70,verified
2553,عدیده,بسیار زیاد,70,verified
2554,موجز,عاجز کننده,70,verified
2555,متروک,وا گذاشته، خراب,70,verified
2556,حواشی داران,خدمت کاران,70,verified
2557,تمهیدی,ابتدایی، مقدمه چینی,70,verified
2558,مسند,تکیه گاه,70,verified
2559,سهل السبل,آسان کننده راه,70,verified
2560,بایست,ضرورت,70,verified
2561,جنبه,وضع,70,verified
2562,سفسطه,گفتار غیرمنطقی,70,verified
2563,ارمغان,تحفه,70,verified
2564,بکر,تازه و جدید,70,verified
2565,واهی,خیالی,70,verified
2566,طالب,جوینده,70,verified
2567,تدوین,تالیف کردن,70,verified
2568,اغماض,چشم پوشی,70,verified
2569,ترددات,تردید ها،شک ها,70,verified
2570,احتجاج,شک و تردید، حجت آوردن،نا آرامی,70,verified
2571,مقوی,نیرو دهنده,70,verified
2572,کنوز,گنج ها،ذخیره ها,70,verified
2573,منحوس,پلید,70,verified
2574,مفتضحانه,رسوایی آمیز,70,verified
2575,سردمدار,ادعا دار، سرپرست,70,verified
2576,انتباه,توجه، بیدار گشتن,70,verified
2577,حدت,تیزی,70,verified
2578,ترب,مُ لی(یک نوع ترکاری - سبزی),70,verified
2579,جوال,کیسه،بورجی,70,verified
2580,تاختند,حمله کردن,70,verified
2581,فحوای,مفهوم سخن,70,verified
2582,پرنسیب,اصول و قاعده,70,verified
2583,اخوان,برادران,70,verified
2584,وقع,توجه کردن,70,verified
2585,افیون,تریاک,70,verified
2586,ممسکان,بخیلان,70,verified
2587,دفینه,گنج، ذخیره شده,70,verified
2588,ماجور,اجر داده شده,70,verified
2589,اشاعت,گسترش,70,verified
2590,معروض,عرضه شده,70,verified
2591,طمطراق,تکبر، خود نمایی,70,verified
2592,توحش,وحشی گری، بربریت,70,verified
2593,خطیر,بزرگ، پر خطر,70,verified
2594,حاذق,دانا,70,verified
2595,تخویف,ترس اندن,70,verified
2596,بغرنج,دشوار,70,verified
2597,سرسری,سطحی,70,verified
2598,فرتوت,از کار افتاده,70,verified
2599,منقاد,پیرو،تسلیم,71,verified
2600,اجیران,غلامان، خود فروختگان,71,verified
2601,مدغم,پیوستن،یکجا کردن,71,verified
2602,مرام,هدف,71,verified
2603,فلاکت,بدبختی,71,verified
2604,سوزوگداز,رنج و عذاب,71,verified
2605,زبده,برگزیده,71,verified
2606,صید,شکار,71,verified
2607,دُوَل,دولت,71,verified
2608,متشنج,بحرانی,71,verified
2609,تکتانه,بلیت (تکت),71,verified
2610,طینت,خلقت، سرشت,71,verified
2611,زاید الوصف,وصف ناشدنی،بسیار زیاد,71,verified
2612,اقتفاء,پیروی کردن از,71,verified
2613,مامول,آرزو شده،خواسته شده,71,verified
2614,ردی,رد شده و کهنه،از کار افتاده,71,verified
2615,اقمشه,لباس ها,71,verified
2616,نایل,رسیدن,71,verified
2617,نقالی,قصه گوئی،بیان,71,verified
2618,بوزینه,شادی,71,verified
2619,همقران,هم صف ها،همقطاران,71,verified
2620,دست اندرکار,فعال و چابک,71,verified
2621,اقمشه,لباس ها,71,verified
2622,عاطل,تنبل و بیکاره,71,verified
2623,مضایقه,دریغ,71,verified
2624,واهمه,بیم و ترس,71,verified
2625,دیوث,بی غیرت,71,verified
2626,اضمحلال,نابودی,71,verified
2627,مختنق,خفه,71,verified
2628,نیل,رسیدن به مطلوب,71,verified
2629,دانشور,دانا,71,verified
2630,ترویج,رواج کردن,71,verified
2631,خوان,سفره (نعمت),71,verified
2632,نخوت,خود خواهی,71,verified
2633,حلول,آغاز، ظهور,71,verified
2634,ممدوحان,مدح شده ها,71,verified
2635,البسه,پوشاک,71,verified
2636,استعمار,بربادی به بهانه آبادی,71,verified
2637,استثمار,بهره کشی با ظلم,71,verified
2638,تخلف,خلاف ورزی,71,verified
2639,استناد,دلیل,71,verified
2640,جدار,پوسته،دیوار,71,verified
2641,لجن زار,مرداب,71,verified
2642,کاهل,تنبل,71,verified
2643,تعدیل,معتدل کردن،تبدیل,72,verified
2644,مصرحه,آشکار کردن,72,verified
2645,منهیات,ممنوعات,72,verified
2646,وفرت,زیادت,72,verified
2647,مراوده,ارتباط،تماس، دوستی,72,verified
2648,تراژدی,دلخراش،اندوه آور,72,verified
2649,خلجان,اضطراب،نارامی,72,verified
2650,کروکی,نقشه,72,verified
2651,تفوق,برتری,72,verified
2652,خصم,دشمن,72,verified
2653,ذات البینی,مشترک,72,verified
2654,دمار,رگ (اینجا به معنی هلاک کردن),72,verified
2655,اغیار,بیگانگان,72,verified
2656,تساند,حمایت و همکاری,72,verified
2657,نکبت,شوم,72,verified
2658,مولد,تولید کننده,72,verified
2659,پیکر,جسم,72,verified
2660,آلات ناریه,آلات منفجره و آتش زا,72,verified
2661,ابنیه,ساختمان ها,72,verified
2662,حریت,آزادی,72,verified
2663,تشعشعات,پرتو افگنی,72,verified
2664,صوری,قابل دید، ظاهری,72,verified
2665,انتباه,توجه، آگاهی,72,verified
2666,طراوت,شادابی,72,verified
2667,کیف و کان,چیستی و چگونه گی,72,verified
2668,حظ,لذت,72,verified
2669,طراوت,تازه گی و شادابی,72,verified
2670,قهقرایی,عقبگرد، بازگشت به گذشته,72,verified
2671,شباب,جوانی,72,verified
2672,عطالت,تنبلی,72,verified
2673,مسمومات,زهر ها،سم ها,72,verified
2674,رکود,توقف,72,verified
2675,ثقه,اعتماد,72,verified
2676,تعیش,بهره مندی از زندگی,72,verified
2677,وفور,فراوانی,72,verified
2678,مثابه,به منزله,72,verified
2679,مسکوکات,سکه ها,73,verified
2680,فایق,برتر,73,verified
2681,ازمنه,دوران ها،زمان ها,73,verified
2682,حواشی,اطراف,73,verified
2683,تهلکه,خطر، نابودی,73,verified
2684,شائبه,شک و تردید,73,verified
2685,منسوب,وابسته,73,verified
2686,پرارج,ارزشمند,73,verified
2687,معرکه,میدان جنگ,73,verified
2688,ثقل,سنگینی,73,verified
2689,رشید,دانا,73,verified
2690,ناسور,زخم بدون درمان,73,verified
2691,وضوح,روشن و آشکار,73,verified
2692,مهلک,کشنده و خطرناک,73,verified
2693,غلاف,پوش، پوشش,73,verified
2694,اکراه,اجبار,73,verified
2695,عمیم,گسترده و فراگیر,73,verified
2696,سرا,خانه و اقامتگاه,73,verified
2697,کاهل,تنبل,73,verified
2698,رجحان,برتری,73,verified
2699,ورطه,مکان خطرناک،پرتگاه,73,verified
2700,لغزش,خطا و اشتباه,73,verified
2701,متروک,ترک شده,73,verified
2702,عنقا,نایاب،پرنده کمیاب,73,verified
2703,منجلاب,جای گلی و کثیف،مرداب,73,verified
2704,جانکاه,سخت و دردناک,73,verified
2705,اغتشاش,بی نظمی,73,verified
2706,تتبع,پژوهش و تحقیق,73,verified
2707,ماسِواء,هرچه جز خدا ج,73,verified
2708,منهمک,فرو رفته و غرق در کاری,73,verified
2709,انموذج,نمونه,73,verified
2710,جهاز,اعضاء و اندام، تجهیزات,73,verified
2711,کربیان,بزرگان،برتران,73,verified
2712,مهیج,تحریک کننده،هیجان آور,73,verified
2713,ملاعبت,ساعت تیری، دست اندازی,73,verified
2714,ذیدخل,دخیل,73,verified
2715,اپرتونیست Opportunist,فرصت طلب،روز چلان,73,verified
2716,متمادی,طولانی,73,verified
2717,مثابه,همچون،مانند,74,verified
2718,بزدلی,ترسویی,74,verified
2719,مضیقه,تنگنا، سختی,74,verified
2720,مطعون,مورد تهمت و بدگویی قرار گرفته,74,verified
2721,مستشعر,بیان کننده,74,verified
2722,رغبت,تمایل,74,verified
2723,سالکان,رهروان,74,verified
2724,خوارق,کار های خارق العاده,74,verified
2725,انتظام,نظم و ترتیب,74,verified
2726,محترقه,قابل سوختن,74,verified
2727,مستحضر,آگاه,74,verified
2728,مأنوس,آشنا،انس گرفته,74,verified
2729,حائل,مانع,74,verified
2730,عنفوان,آغاز، ابتداء,74,verified
2731,احتراز,اجتناب,74,verified
2732,قاموس,فرهنگ لغت,74,verified
2733,انهماک,غرق شدن در کاری یا موضوعی,74,verified
2734,اصطفی,برگزیده,74,verified
2735,اغوا,گمراه کردن,74,verified
2736,شئون,جنبه ها,74,verified
2737,موثق,معتبر,74,verified
2738,تعمیم,عمومی کردن,74,verified
2739,ممد,یاری دهنده,74,verified
2740,سردمداران,رهبران,74,verified
2741,حسب,براساس,74,verified
2742,سرأء,آسانی، خوشی,74,verified
2743,ضرأ,سختی،اندوه,74,verified
2744,استیلا,تسلط,74,verified
2745,پیکار,جنگ,74,verified
2746,شالوده,پایه،جوهر,74,verified
2747,سترگ,بزرگ,74,verified
2748,تقدس,پاکی,74,verified
2749,استماع,شنیدن,74,verified
2750,موعود,وعده داده شده,74,verified
2751,تقدس,پاکی,74,verified
2752,محصور,محدود,74,verified
2753,لمحه,لحظه,74,verified
2754,عفریت,جن,74,verified
2755,استحصال,بدست آوردن،استخراج,74,verified
2756,مبراء,پاک,74,verified
2757,غرا,برتر,74,verified
2758,تقلیب,تغییر دادن,74,verified
2759,سیما,چهره,74,verified
2760,مجال,فرصت,74,verified
2761,ضمیر,درون یا روح انسان,74,verified
2762,مدهش,ترس آور،وحشت انگیز,74,verified
2763,دال,بیانگر،نماد,75,verified
2764,جبن,ترس,75,verified
2765,مذمومه,صفت های ناپسند و زشت,75,verified
2766,راغ,دشت و بیابان,75,verified
2767,وجوه,جهات,75,verified
2768,تعلل,تاخیر,75,verified
2769,فرحت,شادی,75,verified
2770,مجرا,راه,75,verified
2771,پرداس,لایه یا سطح نازک,75,verified
2772,رقت بار,درد آور،غم آور,75,verified
2773,ابهت,شکوه بزرگی,75,verified
2774,جلال,بزرگی,75,verified
2775,ثقل,سنگینی,75,verified
2776,نیایش,دعا,75,verified
2777,مادح,ستایشگر,75,verified
2778,شاغل,مشغول به کار,75,verified
2779,لایزال,ابدی,75,verified
2780,بحار,دریاها،بحر ها,75,verified
2781,بیکران,بی پایان,75,verified
2782,مستغرق,غوطه ور شده،غرق شده,75,verified
2783,مسرور,شادمان,75,verified
2784,حاوی,شامل,75,verified
2785,مهیج,هیجان آور,75,verified
2786,مسرور,شادمان,75,verified
2787,بیکران,بی پایان,75,verified
2788,تألم,اندوه،دردمندی,75,verified
2789,مدقق,دقت کننده,75,verified
2790,مهالک,خطرها، میدان های جنگ,75,verified
2791,التهاباتنفسی,ناآرامی های نفسی,75,verified
2792,مصاب,مصیبت زده،سردچار,75,verified
2793,انفس,نفس ها،جسد ها,75,verified
2794,مترصد,مراقب، چشم به راه,75,verified
2795,استنتاج,نتیجه گرفتن,75,verified
2796,ارمغان,هدیه,75,verified
2797,چسان,چه طور,75,verified
2798,مساس,لمس,75,verified
2799,فراز,بالا,75,verified
2800,مفرط,از حد گذشته,75,verified
2801,لطافت,نرمی,75,verified
2802,مداقه,کنجکاوی,75,verified
2803,استفاضه,فیض و برکت گرفتن،بهره مند شدن,76,verified
2804,مُدرک,دارای درک عالی,76,verified
2805,نهاد,سرشت، طبیعت,76,verified
2806,فیاض,پربرکت,76,verified
2807,مدید,دراز،طویل,76,verified
2808,حلیه,زیور، صورت ظاهر انسان،زینت,76,verified
2809,طبع,خوی، سرشت,76,verified
2810,ژرف نگری,باریک بینی,76,verified
2811,کاوش,جستجو,76,verified
2812,سوق,راهنمایی و هدایت,76,verified
2813,مسجود,سجده شده,76,verified
2814,موهوبی,خدا داده,76,verified
2815,اغماض,چشم پوشی کردن,76,verified
2816,بی اعتنایی,بی توجهی، رویگردانی,76,verified
2817,باب,مورد،بخش، دروازه,76,verified
2818,خصم,دشمن,76,verified
2819,دیرینه,قدیم,76,verified
2820,غارت,دزدی,76,verified
2821,ازلی,ابدی,76,verified
2822,معرف,آشنا کننده,76,verified
2823,مکاید,مکرها,76,verified
2824,اضرار,ضرر ها,76,verified
2825,کیاست,هوشیاری,76,verified
2826,فروغ,روشنی,76,verified
2827,سیلان,روان شدن,76,verified
2828,راصد,مراقب، نگهبان,76,verified
2829,حریم,قلمرو,76,verified
2830,تابناک,درخشان,76,verified
2831,صیانت,محافظت،نگهداری,76,verified
2832,سترده,پاک شده,76,verified
2833,لازوال,باقی، دائم,76,verified
2834,ناجیه,نجات دهنده,76,verified
2835,سراچه,دنیا,76,verified
2836,اعجوبه,عجیب،شگفت آور,76,verified
2837,حسن,خوبی و زیبایی,76,verified
2838,پیکر,کالبد، تن,76,verified
2839,لازوال,باقی، دائم,76,verified
2840,دنی,پست و حقیر,76,verified
2841,آگنده,مملو، پر,76,verified
2842,مصفا,پاک، تصفیه شده,76,verified
2843,علیا,جای بلند,76,verified
2844,اندوده,پوشیده,76,verified
2845,سفلی,پایین و پست,76,verified
2846,ماضی,گذشته,76,verified
2847,ناجیه,نجات دهنده,76,verified
2848,آراء,اندیشه ها،نظریات,76,verified
2849,سرمشق,الگو,76,verified
2850,مستقبل,زمان آینده,76,verified
2851,ضمنی,جانبی,76,verified
2852,ابتلاء,آزمایش,76,verified
2853,مهیج,هیجان آور,77,verified
2854,ضاله,گمراه کننده,77,verified
2855,تخلل,در چیزی نفوذ کردن,77,verified
2856,رونق,درخشندگی,77,verified
2857,انماء,نمو، رشد,77,verified
2858,زرق و برق,تجملات، زینت ها,77,verified
2859,سرمشق,الگو,77,verified
2860,مستدام,دوامدار، پایدار,77,verified
2861,سیما,چهره,77,verified
2862,استیلا,حاکمیت,77,verified
2863,نکوهش,سرزنش,77,verified
2864,ددمنش,درنده خوی,77,verified
2865,مشرب,شیوه،راه و روش,77,verified
2866,مکنونات,پنهان ها,77,verified
2867,بیضاء,رنگ سفید,77,verified
2868,اذعان,اقرار،بیان,77,verified
2869,تصاحب,صاحب شدن,77,verified
2870,معلی,بلند مرتبه,77,verified
2871,مشعشع,درخشان,77,verified
2872,برانگیختن,تشویش و تحریک کردن،زنده کردن,77,verified
2873,اضمحلال,نیست شدن,77,verified
2874,گزاف,بسیار,77,verified
2875,مذمومه,سرزنش شده،بد,77,verified
2876,یمن,خیر و برکت,77,verified
2877,ورزیده,ماهر,77,verified
2878,اطبای حاذق,پزشکان ماهر,77,verified
2879,محق,صاحب حق، برحق,77,verified
2880,نفی,رد کردن,77,verified
2881,جبین,پیشانی,77,verified
2882,عبودیت,بندگی,77,verified
2883,محصور,محاصره شده,77,verified
2884,اسفا,تأسف، اندوه,77,verified
2885,محجوب,مستور، با شرم,77,verified
2886,مانور,آزمایش,77,verified
2887,منحط,پست، پایین,77,verified
2888,دستخوش,گرفتار، زیردست,77,verified
2889,آنی,موقت,77,verified
2890,سپهر,آسمان,77,verified
2891,عبودیت,بندگی,77,verified
2892,جان افروز,شاد کننده روح و دل,77,verified
2893,سلول,حجره،زندان یکنفری,77,verified
2894,ساری,سرایت کننده،جاری,77,verified
2895,میمنت,مبارک بودن,77,verified
2896,ضیاء,نور، درخشش,77,verified
2897,داعیه,ادعا، انگیزه,77,verified
2898,سایکلوژیک,روان شناختی,77,verified
2899,مزین,آراسته,77,verified
2900,ضمیمه,پیوست،همراه,77,verified
2901,محیرالعقول,شگفت انگیز،حیران کننده,78,verified
2902,تسخیر,رام کردن,78,verified
2903,مأمول,آرزو شده،خواسته شده,78,verified
2904,امحاء,نابودی,78,verified
2905,علی الرغم,با وجود,78,verified
2906,مبرم,محکم، شدید,78,verified
2907,قبایح,زشتی ها,78,verified
2908,تعبیه,جاسازی،ساختن و آراستن,78,verified
2909,مصدق,تصدیق شده,78,verified
2910,توفیق,دست یافتن بر امر و کار,78,verified
2911,نهان,پوشیده,78,verified
2912,فاحش,بسیار زیاد،زشت,78,verified
2913,رجعت,بازگشت,78,verified
2914,نسق,نظم و ترتیب,78,verified
2915,مبادی,آغاز، ابتداء،اساسات,78,verified
2916,فحواء,مفهوم سخن,78,verified
2917,کمایلیق,چنانچه سزاوار و لازم است,78,verified
2918,آجل,آینده,78,verified
2919,تکوین,به وجود آوردن,78,verified
2920,التجا,پناه بردن,78,verified
2921,بدو,آغاز,78,verified
2922,الوان,رنگ ها,78,verified
2923,خوض,فرو رفتن در فکر,78,verified
2924,منطوی,جمع و خلاصه شده، پیچیده,78,verified
2925,بدرقه,همراهی،استقبال,78,verified
2926,فلک,آسمان,78,verified
2927,سرمدی,ابدی,78,verified
2928,فریقین,دو گروه,78,verified
2929,چکیده,خلاصه,78,verified
2930,طیور,پرندگان,78,verified
2931,استقرار,ساکن و مستقر شدن,78,verified
2932,بغض,کینه,78,verified
2933,ذمیمه,زشت،مذموم,78,verified
2934,تقدیس,پاک و منزه کردن,78,verified
2935,قصاید,شعر های بلند و منظوم,78,verified
2936,ایضاً,همچنان، بازهم,78,verified
2937,کامگاری,پیروزی,78,verified
2938,مغاره,غار,78,verified
2939,کالمعدوم,مثلیکه وجود نداشته باشد,79,verified
2940,مقتضیات,ضروریات,79,verified
2941,متمایل,خواهان،میل داشتن,79,verified
2942,کیش,دین,79,verified
2943,تعمیل,عملی کردن,79,verified
2944,انزجار,نفرت,79,verified
2945,کیش,دین,79,verified
2946,مطمحنظر,مد نظر،مورد نظر,79,verified
2947,مجاورت,همسایه گی، نزدیکی,79,verified
2948,مستریح,دارای آسایش، آرام,79,verified
2949,تلذذ,لذت بردن,79,verified
2950,مسکر,مستی آور,79,verified
2951,استغراق,سخت به کاری مشغول شدن،غرق شدن به کاری,79,verified
2952,تُهی,خالی,79,verified
2953,اِصطبل,طویله,79,verified
2954,بهایم,چهار پایان,79,verified
2955,حراب,جنگ ها,79,verified
2956,اطناب,تفصیل,79,verified
2957,بین الطبقاتین,میان دو طبقه,79,verified
2958,زفت,بسیاز زیاد وسیع و بزرگ,79,verified
2959,تنیدن,بافتن,79,verified
2960,نَوم,خواب,79,verified
2961,لا احبالافلین,دوست ندارم غروب کنندگان را (اشاره به قصه حضرت ابراهیم ع است در سوره انعام),79,verified
2962,اجتهاد,جهد، کوشش،رأی,79,verified
2963,تجسس,جستجو کردن در امر یا چیزی,79,verified
2964,ماتومبهوت,حیران و شگفت زده,79,verified
2965,سماء,آسمان,79,verified
2966,سراء,دنیا,79,verified
2967,نار,آتش,79,verified
2968,ابوالجان,پدر جن (ابلیس),79,verified
2969,کاسد,بی رواج، سست،,79,verified
2970,شائبه,شک،گمان، نقص,79,verified
2971,غرض,هدف,79,verified
2972,قیاس,سنجش،اندازه کردن,79,verified
2973,تازیانه,شلاق,79,verified
2974,اغترار,مغرور شدن,79,verified
2975,عداوت,دشمنی,79,verified
2976,اندوده,زینت ظاهری دنیا,79,verified
2977,پیرایه,آرایش,80,verified
2978,مباح,حلال,80,verified
2979,مضایقه,دریغ، خود داری,80,verified
2980,استیذان,اجازه خواستن,80,verified
2981,اعداء,دشمن ان,80,verified
2982,سایلان,مفلس ها، گداها,80,verified
2983,اباطیل,باطل ها,80,verified
2984,سلب,برطرف کردن,80,verified
2985,ادون,حقیرتر،پاین تر,80,verified
2986,مستلزم,شایسته,80,verified
2987,خبط,لغزش یا خطاء,80,verified
2988,غایه,هدف,80,verified
2989,رجاء,امید,80,verified
2990,منتج,نتیجه،آخر کار,80,verified
2991,مؤجز,مختصر,80,verified
2992,موقوف,وابسته,80,verified
2993,نشاط,شادی,80,verified
2994,شیوع,گسترش,80,verified
2995,متصف,موصوف، دارنده,80,verified
2996,حمیده,پسندیده,80,verified
2997,غدر,خیانت,80,verified
2998,اشاعت,انتشار,80,verified
2999,شایان,شایسته,80,verified
3000,عرف,رسم و رواج,80,verified
3001,گولاندن,فریب دادن,80,verified
3002,منحوس,نامبارک,80,verified
3003,شامت نفس,خصلت نفس,80,verified
3004,ریجه براست,دقیق و منظم,80,verified
3005,متردد,دو دل,80,verified
3006,قبح,بدی,80,verified
3007,تشبث,تمسک،انجام دادن,80,verified
3008,اخلال,بی نظمی,80,verified
3009,وارسی,رسیدگی کردن به کاری،سرپرستی,80,verified
3010,متعدی,غیر لازم، متجاوز,80,verified
3011,بُهت,حیرت,80,verified
3012,احفاد,نواده گان,80,verified
3013,منال,ثروت,80,verified
3014,استحصال,بدست آوردن، حاصل کردن,80,verified
3015,خسیس,بخیل، پست,80,verified
3016,معلول,علت، دلیل,80,verified
3017,سکیچ,طرح اولیه,80,verified
3018,نزع,جان کندن,80,verified
3019,تزلزل,بی ثباتی،سستی,80,verified
3020,پیشه,شغل، حرفه,80,verified
3021,اخاذ,باج گیر،رشوه ستان,80,verified
3022,ملالت,خسته گی,80,verified
3023,لمحه,لحظه,80,verified
3024,صور,اشکال,80,verified
3025,منکوبی,سرکوبی,80,verified
3026,تنعم,به نعمت رسیدن,80,verified
3027,اختناق,فشار، تنگنا،خفه گی,80,verified
3028,خصیتین,بیضه های مردان,80,verified
3029,اماره,امر کننده,81,verified
3030,لوامه,سرزنشگر،ملامت کننده,81,verified
3031,مطمئنه,آسوه و دارای اطمینان,81,verified
3032,بغضلله,دشمنی برای الله,81,verified
3033,معروض,عرضه شده,81,verified
3034,سیلان,جریان,81,verified
3035,معمور,آباد شده,81,verified
3036,معلی,بلند,81,verified
3037,دنائت,پستی,81,verified
3038,انفاذ,روان کردن,81,verified
3039,امتعه,کالا,81,verified
3040,استماع,شنیدن,81,verified
3041,بذل,بخشش,81,verified
3042,تنزیل,نزول، پایین آمدن,81,verified
3043,عزم,اراده,81,verified
3044,تخویف,ترسانیدن,81,verified
3045,تمهید,آمادگی,81,verified
3046,ضیاع,تلف شدن,81,verified
3047,الحاح,اصرار,81,verified
3048,حاد,شدید,81,verified
3049,رقت,نرمی و نازکی,81,verified
3050,فرحناکی,شادی,81,verified
3051,درویش,صوفی,81,verified
3052,همدرین,در همین حال,81,verified
3053,زوال,نابودی,81,verified
3054,نادم,پشیمان,81,verified
3055,صیغه,نحوه، شکل,81,verified
3056,مرام,مقصود,81,verified
3057,استحباب,خوب و نیکو شمردن,81,verified
3058,وجایب,تکالیف,81,verified
3059,تادیه,پرداخت,81,verified
3060,امتنان,سپاسگزاری,81,verified
3061,مطاع,مورد اطاعت,81,verified
3062,مستمند,بینوا، فقیر,81,verified
3063,اجرت,مزد,81,verified
3064,خذلان,ضعف,81,verified
3065,مناقشات,مجادله ها,81,verified
3066,تمایزات,تفاوت ها,81,verified
3067,تنوع,گوناگونی,81,verified
3068,رهزنی,دزدی,81,verified
3069,مدهوش,بی هوش,81,verified
3070,غیظ,خشم,81,verified
3071,تبرا,بیزاری,81,verified
3072,متشرع,پیرو شرع,81,verified
3073,بی محابا,بی پروا، گستاخ,81,verified
3074,پیریزی,ایجاد، تاسیس,81,verified
3075,رسا,تیزفهم,81,verified
3076,تسلسل,پیوستگی,81,verified
3077,ناگسستنی,پاره نشدنی,82,verified
3078,واژگونی,نارسایی، انقلاب,82,verified
3079,فضولی,بدی، مداخله بی جا در کار دیگران,82,verified
3080,مأخذات,منابع,82,verified
3081,حصص,حصه ها,82,verified
3082,انبساط,باز شدن,82,verified
3083,خوان,سفره، غذا,82,verified
3084,ابا,امتناع، سرکشی,82,verified
3085,ممات,مرگ,82,verified
3086,مصر,اصرار کننده,82,verified
3087,سیما,چهره,82,verified
3088,رهزنان,دزدان,82,verified
3089,منحط,پست شده,82,verified
3090,شقاوت,بدبختی,82,verified
3091,مجادله,بحث یا گفتگو،مبارزه,82,verified
3092,مقاتله,جنگ,82,verified
3093,ملاعبت,شوخی,82,verified
3094,کارزار,جنگ و جدال,82,verified
3095,خبیثه,ناپاک,82,verified
3096,نامرغوب,ناپسند,82,verified
3097,مبادرت,پیشی گرفتن،اقدام,82,verified
3098,سالکان,پیروان,82,verified
3099,سلوک,راه، طریقه,82,verified
3100,احتلام,انزال منی در خواب,82,verified
3101,تعمیم,عام سختن، همگانی کردن,82,verified
3102,تعمیل,عملی کردن،انجام دادن,82,verified
3103,معموله,رایج،معمول،عام,82,verified
3104,حیطه,میدان,82,verified
3105,اجلال,بزرگداشت,82,verified
3106,مساعی,کوشش,82,verified
3107,معرکه,میدان جنگ,82,verified
3108,معاصی,گناهان,82,verified
3109,فارقه,تمایز دهنده,82,verified
3110,انقضاء,انتها,82,verified
3111,الیم,دردناک,82,verified
3112,مناهی,منع شده ها، منکرات,82,verified
3113,مروجین,ترویج کنندگان,82,verified
3114,نصوص,متون,82,verified
3115,اعاشه,گذران، معاش,82,verified
3116,عنفوان,اول جوانی,82,verified
3117,هولناک,ترسناک,82,verified
3118,اکتساب,کسب,82,verified
3119,انابت,توبه,82,verified
3120,طوالت,به درازا کشیدن،طولانی شدن,82,verified
3121,امتعه,متاع،کالا,82,verified
3122,اقمشه,اسباب خانه,82,verified
3123,مستلزم,لازمه,82,verified
3124,دستیار,یاری دهنده،همکار,82,verified
3125,هولناک,ترسناک,83,verified
3126,تمسک,توسل,83,verified
3127,تزویر,نیرنگ,83,verified
3128,رواتب,راتب، مستمری,83,verified
3129,حقارت,خواری,83,verified
3130,خفت,سبک,83,verified
3131,کافور,خوشبو,83,verified
3132,ناسور,زخم ورم شده,83,verified
3133,خفا,پنهانی,83,verified
3134,اراضی,زمین ها,83,verified
3135,وهله,مرحله,83,verified
3136,انعقاد,بسته کردن,83,verified
3137,اذن,اجازه,83,verified
3138,مشبوه,مشکوک,83,verified
3139,مشعر,آگاه کننده،خبر دهنده,83,verified
3140,نائره,آتش,83,verified
3141,مشتعل,برافروخته,83,verified
3142,محبوس,زندانی,83,verified
3143,خلا,جای خالی,83,verified
3144,مجامعت,هم بستر شدن با زن,83,verified
3145,طغیان,سرکشی,83,verified
3146,وفور,فراوانی,83,verified
3147,تعیش,زندگی,83,verified
3148,ممتد,پیوسته,83,verified
3149,طی الارض,پیمودن زمین,83,verified
3150,تزاید,افزایش,83,verified
3151,تاب,توان,83,verified
3152,مفارقت,جدایی,83,verified
3153,تجرد,مجرد بودن,83,verified
3154,گبر,زردشتی,83,verified
3155,ضراء,بدبختی,83,verified
3156,سراء,راحتی,83,verified
3157,زهد,تقوا,83,verified
3158,تیمنا,طلب برکت و خوشبختی,83,verified
3159,حایز,دارا,83,verified
3160,تنزیه,پاکی,83,verified
3161,متابعت,پیروی,83,verified
3162,بلهوس,شهوت پرست,83,verified
3163,معزول,بیکار,83,verified
3164,اعاشه,معاش,83,verified
3165,نافرجام,بدبخت,83,verified
3166,شنیعه,عمل زشت و گناه بزرگ,83,verified
3167,تجبر,خود بزرگ بینی,83,verified
3168,خصومت,دشمنی,83,verified
3169,تزئید,افزایش دادن,83,verified
3170,مسرور,شاد,83,verified
3171,سانسور,کنترل,83,verified
3172,مقال,بحث,83,verified
3173,برودکاست,پخش و نشر,83,verified
3174,مازاد,فزونی,83,verified
3175,عیار,چالاک,84,verified
3176,تقبیح,ملامت کردن,84,verified
3177,خط مشی,راهکار، تدبیر,84,verified
3178,تباعد,دوری,84,verified
3179,وقع,اهمیت,84,verified
3180,مهد,گهواره,84,verified
3181,لحد,گور,84,verified
3182,دام,بند,84,verified
3183,ممد,کمک کننده,84,verified
3184,طمطراق,شکوه و جلال،تکبر,84,verified
3185,مغلق,پیچیده,84,verified
3186,مالایطاق,غیرقابل تحمل,84,verified
3187,مصاب,رسیده،درست,84,verified
3188,مقتضی,لزوم،ضرورت,84,verified
3189,مستور,پوشیده,84,verified
3190,حسب,براساس,84,verified
3191,خروشان,پرجنب و جوش,84,verified
3192,سدود,موانع,84,verified
3193,منتج,نتیجه بخش,84,verified
3194,وارسی,سرپرستی، بررسی دقیق,84,verified
3195,مادونان,زیردستان,84,verified
3196,اکراه,اجبار و نارضایتی,84,verified
3197,تمهیدی,مقدماتی و آماده سازی,84,verified
3198,لاجرم,ناگزیر و حتماً,84,verified
3199,امحاء,نابودی,84,verified
3200,سِمت,موقعیت شغلی,84,verified
3201,شیرازه,نظم، انتظام,84,verified
3202,مرهون,در گرو، وابسته,84,verified
3203,تمییز,تشخیص,84,verified
3204,گذاره,گذشتاندن، تحمل کردن روزگار,84,verified
3205,تادیباً,به قصد تربیت و اصلاح,84,verified
3206,اثنای,در جریان یا وسط کار,84,verified
3207,شئوونات,امور و مسائل مختلف,84,verified
3208,نجوی,گفتگوی آرام,84,verified
3209,مشق,تمرین,84,verified
3210,التیام,بهبود یافتن زخم,84,verified
3211,غیرمترقبه,غیرمنتظره و ناگهانی,85,verified
3212,ملزم,موظف و مجبور به انجام کاری,85,verified
3213,سرمشق,نمونه ای برای تقلید یا آموزش,85,verified
3214,غبن,فریب،خیانت,85,verified
3215,آشفته,پریشان و بی نظم,85,verified
3216,جبیره,وسیله ای برای بستن عضو شکسته بدن، اعاده کردن,85,verified
3217,مورث,انتقال دهنده،بوجود آورنده,85,verified
3218,حصر,محدود،بند,85,verified
3219,گهی,لحظه یی,85,verified
3220,عاریت,قرض دادن به طور موقت,85,verified
3221,مستقر,ثابت و پایدار در مکانی,85,verified
3222,اعاده,بازگرداندن چیزی به حالت اولیه,85,verified
3223,جبین,پیشانی,85,verified
3224,تعلل,تأخیر،علت آوردن,85,verified
3225,مجال,فرصت,85,verified
3226,نائل,دستی افتن,85,verified
3227,عاری,فاقد،خالی,85,verified
3228,مراوده,تعامل و ارتباط متقابل,85,verified
3229,کمپرادوران,واسطه های تجاری وابسطه به کشورهای خارجی,85,verified
3230,تمویل,تامین مالی,85,verified
3231,تورید,وارد کردن,85,verified
3232,تحمیل,اجبار,85,verified
3233,متمولان,ثروتمندان,85,verified
3234,حاذق,ماهر و متخصص,85,verified
3235,هرزه,بی بند وبار و بی هدف,85,verified
3236,تکافو,جبران کردن,85,verified
3237,اهتمام,کوشش و توجه,85,verified
3238,خلجان,تلاطم ذهنی یا اضطراب,85,verified
3239,محوله,سپرده شده,85,verified
3240,فرط,کثرت، بسیاری,86,verified
3241,تقلیب,برگردانیدن،تبدیل,86,verified
3242,فاحش,بسیار زیاد، زشت,86,verified
3243,حِدت,تندی,86,verified
3244,مشایخ,بزرگان,86,verified
3245,محال,غیرممکن,86,verified
3246,صوم,روزه,86,verified
3247,حِل,مجاز، مباح،حلال,86,verified
3248,حُرمت,حرام بودن,86,verified
3249,جُوز,جایز، اجازه داده شده,86,verified
3250,مایجوز,جایز نیست,86,verified
3251,فلاکت,بدبختی,86,verified
3252,تأسی,پیروی کردن,86,verified
3253,بسیط,ساده,86,verified
3254,مزید,زیاد،کثیر,86,verified
3255,انشراح,وسعت، باز شدن,86,verified
3256,تلبیسات,فریبکاری ها,86,verified
3257,متروک,ترک شده,86,verified
3258,مویده,تأیید شده,86,verified
3259,انتباه,بیدار شدن،هشدار,86,verified
3260,وارسی,سرپرستی،بازرسی,86,verified
3261,تبرک,برکت یافتن,86,verified
3262,تیمُن,طلب برکت,86,verified
3263,وجیه,نیکو روی,86,verified
3264,مَحذوف,حذف شده,86,verified
3265,فحوا,مفهوم سخن،محتوا,86,verified
3266,مستدام,دائم,86,verified
3267,مباهات,افتخار کردن,86,verified
3268,وصول,دریافت، حصول,86,verified
3269,سیاق,شیوه، روال,86,verified
3270,بقاء,دوام,86,verified
3271,کنوز,گنج ها,86,verified
3272,ملالت,خسته گی و بیزاری,86,verified
3273,الیاف,تار، رشته,86,verified
3274,زَمَن,زمانهها، روزگار,86,verified
3275,مزیت,برتری,86,verified
3276,ناجِنس,بدسرشت,86,verified
3277,اشرَار,آشوبگران،بدان,86,verified
3278,اغیار,بیگانگان,86,verified
3279,مخالطت,همنشینی,86,verified
3280,مستقر,جای گرفته,86,verified
3281,تملق,چاپلوسی,86,verified
3282,منحوس,بدبخت,86,verified
3283,بدکُنِش,بدکردار,86,verified
3284,مغالطه,سفسطه،غلط اندازی,86,verified
3285,بعید,دور,86,verified
3286,ذمت,عهده،مسئولیت,87,verified
3287,حَرب,جنگ,87,verified
3288,نص,کلام معتبر,87,verified
3289,مقنع,قانع کننده,87,verified
3290,جُبن,ترس,87,verified
3291,حایل,مانع، پرده,87,verified
3292,حلیل,جایز، حلال حل کردن,87,verified
3293,کوائف,کیفیت ها,87,verified
3294,فایق,مسلط,87,verified
3295,غلاف,پوشش,87,verified
3296,جُبن,ترس,87,verified
3297,مُضمحل,نیست و نابود,87,verified
3298,باک,بیم، ترس,87,verified
3299,نشیمن,جای نشستن,87,verified
3300,امَل,آرزو، امید,87,verified
3301,متهور,شجاع، بی پروا,87,verified
3302,عار,عیب,87,verified
3303,نحیف,لاغر,87,verified
3304,معیت,همراهی,87,verified
3305,کنایه,اشاره,87,verified
3306,منال,مال و دارایی,87,verified
3307,غدر,خیانت، بی وفایی در عهد,87,verified
3308,خبایث,پلیدی ها,87,verified
3309,تنویر,روشن کردن,87,verified
3310,ندامت,پشیمانی,87,verified
3311,فی البدیهه,انجام کاری بصورت آنی و بدون آمادگی,87,verified
3312,مشوقات,تشویق کننده ها,87,verified
3313,عَمیم,فراگیرنده، شامل،عام,87,verified
3314,منصه,جایگاه،کرسی,87,verified
3315,مشحون,پرشده، مملو,87,verified
3316,مورِث,باعث،سبب,87,verified
3317,نقب,دهلیز، تونل,87,verified
3318,شاغل,مشغول,87,verified
3319,انلارج,بزرگ ساختن,87,verified
3320,یغما,چپاول,87,verified
3321,معیت,همراهی,87,verified
3322,رقیق,آبدار، مایع,87,verified
3323,بی رمق,ناتوان,87,verified
3324,تخویف,ترساندن,87,verified
3325,منکوحه,نکاح شده,87,verified
3326,محوله,سپرده شده,87,verified
3327,مبادرت,اقدام به کاری,87,verified
3328,ریب,شک,87,verified
3329,متوحش,ترسان,87,verified
3330,منزجر,بیزار,87,verified
3331,تمول,ثروتمندشدن،عدم قناعت,87,verified
3332,مستغرق,غرق,87,verified
3333,طیران,پرواز کردن,87,verified
3334,زِهکش,زود آب، زود سر,88,verified
3335,تفوق,برتری جستن,88,verified
3336,تفوق,برتری جستن,88,verified
3337,ملزوم,لازم شده,88,verified
3338,حصار,دیوار,88,verified
3339,اذین,زینت,88,verified
3340,طیران,پرواز کردن,88,verified
3341,غیرمترقبه,غیرمنتظره,88,verified
3342,مورث,باعث، سبب,88,verified
3343,فرحت,شادی,88,verified
3344,غرغاب,جایی آب بسیار گل آلود,88,verified
3345,تبریه,بی گناهی,88,verified
3346,مقتضیات,الزامات،سزاوار,88,verified
3347,تصریح,آشکار ساختن,88,verified
3348,تهور,شجاعت,88,verified
3349,مخدوش,معیوب,88,verified
3350,وهله,لحظه، نوبت,88,verified
3351,گهر,گوهر، جوهر,88,verified
3352,شرر,جرقه,88,verified
3353,کاهن,ساحر,88,verified
3354,فجور,تبهکاری،بدی ها,88,verified
3355,مهجوری,جدایی،دوری,88,verified
3356,اقتفا,پیروی,88,verified
3357,امل,آرزو,88,verified
3358,مظبوط,درست، صحیح,88,verified
3359,مبرم,شدید، بسیار,88,verified
3360,صباوت,کودکی,88,verified
3361,آمیزش,نزدیکی کردن,88,verified
3362,غمزه گری,عشوه گری، ادای ناز,88,verified
3363,مباشرت,هم خوابگی,88,verified
3364,آل,خاندان,88,verified
3365,جبون,بزدل، ترسو,88,verified
3366,ذمه,عهد، پیمان,88,verified
3367,تعدیل,برابر کردن,88,verified
3368,افسونگری,جادوگری,88,verified
3369,هیجانات,احساسات,88,verified
3370,نجابت,حیا، پاک دامنی,88,verified
3371,ارمغان,هدیه، تحفه,88,verified
3372,کلبه,خانه کوچک,88,verified
3373,مرجع,محل بازگشت,88,verified
3374,آل,خاندان,88,verified
3375,نمط,فرش، روش و طریقه,88,verified
3376,عجوزه,پیرزن,88,verified
3377,تعمیم,عمومیت دادن,88,verified
3378,تتبع,تحقیق,88,verified
3379,مستعمل,اسفتاده شده، کهنه,88,verified
3380,هلوع,بخیل بر مال,88,verified
3381,حیثیت,اعتبار,88,verified
3382,احفاد,فرزند زادگان,88,verified
3383,متعذر,عذرخواه,88,verified
3384,نسیان,فراموشی,89,verified
3385,انظار,دیدگان,89,verified
3386,معلنان,آشکار شدگان,89,verified
3387,تعجیل,شتاب کردن,89,verified
3388,ابدالدهر,برای همیشه,89,verified
3389,تنزل,پاین آمدن,89,verified
3390,مُراد,خواسته,89,verified
3391,محجوبیت,پوشیدگی,89,verified
3392,مقارن,نزدیک,89,verified
3393,متشنج,لرزان،بی ثبات,89,verified
3394,انهماک,پافشاری،کوشش,89,verified
3395,منهدم,ویران,89,verified
3396,نصب العین,هدف اصلی,89,verified
3397,مقارن,نزدیک,89,verified
3398,غبی الذهن,کُ ند ذهن,89,verified
3399,بغاوت,سرکشی,89,verified
3400,تزویر,فریب,89,verified
3401,مستدرجانه,به تدریج به سمت چیزی کشیده شدن,89,verified
3402,کریمان,جوانمردان,89,verified
3403,محترز,پرهیز کننده,89,verified
